Navn,Hold,Pris,Løbsdage,Point,Profit,Cheapo,Managers
"Aberasturi, Jon",Euskaltel - Euskadi,2.7,0,0,0.0,,
"Abrahamsen, Jonas",Uno-X Mobility,6.2,5,0,0.0,,Tommy
"Ackermann, Pascal",Israel - Premier Tech,6.6,0,0,0.0,,
"Adrià, Roger",Red Bull - BORA - hansgrohe,6.8,0,0,0.0,,Okholm
"Aert, Wout van",Team Visma - Lease a Bike,37.4,0,0,0.0,,"Chrelle, Jarma, Matti, Okholm, Tommy"
"Affini, Edoardo",Team Visma - Lease a Bike,3.3,0,0,0.0,,
"Agirre, Jon",Euskaltel - Euskadi,1.0,1,0,0.0,Ja,
"Alaphilippe, Julian",Tudor Pro Cycling Team,13.7,0,0,0.0,,
"Albanese, Vincenzo",EF Education - EasyPost,5.9,0,0,0.0,,
"Aleotti, Giovanni",Red Bull - BORA - hansgrohe,2.5,1,0,0.0,,Okholm
"Allegaert, Piet",Cofidis,1.3,0,0,0.0,Ja,
"Alleno, Clément",Burgos Burpellet BH,1.0,1,0,0.0,Ja,
"Almeida, João",UAE Emirates XRG,23.8,1,10,0.4,,"Chrelle, Kenk"
"Alustiza, Nicolás",Euskaltel - Euskadi,1.0,0,0,0.0,Ja,
"Alvarez, Rodrigo",Burgos Burpellet BH,1.0,0,0,0.0,Ja,
"Andersen, Søren Kragh",Lidl - Trek,4.5,0,0,0.0,,
"Andresen, Tobias Lund",Team Picnic PostNL,4.4,7,38,8.6,,"Chrelle, Jappo, Kenk, Knak, Matti, Okholm, Tommy, Visti"
"Angulo, Antonio",Burgos Burpellet BH,1.0,0,0,0.0,Ja,
"Aniołkowski, Stanisław",Cofidis,5.4,0,0,0.0,,
"Aparicio, Mario",Burgos Burpellet BH,1.0,0,0,0.0,Ja,
"Aranburu, Alex",Cofidis,8.8,0,0,0.0,,
"Arashiro, Yukiya",Toscana Factory Team Vini Fantini,1.0,0,0,0.0,Ja,
"Arcas, Jorge",Movistar Team,1.0,1,0,0.0,Ja,
"Arensman, Thymen",INEOS Grenadiers,13.9,1,6,0.4,,
"Armirail, Bruno",Decathlon AG2R La Mondiale,2.8,0,0,0.0,,
"Armitt, Hamish",Team Novo Nordisk,1.0,0,0,0.0,Ja,
"Arndt, Nikias",Bahrain Victorious,2.0,6,0,0.0,Ja,
"Arrieta, Igor",UAE Emirates XRG,1.5,0,0,0.0,Ja,
"Arriolabengoa, Julen",Caja Rural - Seguros RGA,1.0,0,0,0.0,Ja,
"Artz, Huub",Intermarché - Wanty,1.8,1,0,0.0,Ja,Jarma
"Asbroeck, Tom Van",Israel - Premier Tech,1.4,0,0,0.0,Ja,
"Asgreen, Kasper",EF Education - EasyPost,6.2,0,0,0.0,,
"Askey, Lewis",Groupama - FDJ,3.8,7,2,0.5,,
"August, AJ",INEOS Grenadiers,1.1,1,0,0.0,Ja,Hustlersen
"Aular, Orluis",Movistar Team,4.1,0,0,0.0,,Visti
"Ayuso, Juan",UAE Emirates XRG,25.2,0,0,0.0,,"Hustlersen, Kenk"
"Azanza, Ibai",Equipo Kern Pharma,1.0,5,0,0.0,Ja,
"Aznar, Hugo",Equipo Kern Pharma,1.0,5,2,2.0,Ja,
"Aznar, Unai",Equipo Kern Pharma,1.0,0,0,0.0,Ja,
"Azparren, Enekoitz",Q36.5 Pro Cycling Team,1.0,0,0,0.0,Ja,
"Azparren, Xabier",Q36.5 Pro Cycling Team,1.0,5,4,4.0,Ja,
"Baarle, Dylan van",Team Visma - Lease a Bike,3.8,2,0,0.0,,"Kenk, Visti"
"Babor, Daniel",Caja Rural - Seguros RGA,1.0,5,0,0.0,Ja,
"Badilatti, Matteo",Q36.5 Pro Cycling Team,1.1,0,0,0.0,Ja,
"Bagioli, Andrea",Lidl - Trek,7.1,7,43,6.1,,"Jarma, Kenk"
"Baguelin, Jocelyn",Wagner Bazin WB,1.0,0,0,0.0,Ja,
"Bais, Davide",Team Polti VisitMalta,1.1,1,0,0.0,Ja,
"Bais, Mattia",Team Polti VisitMalta,1.0,0,0,0.0,Ja,
"Baldaccini, Davide",Toscana Factory Team Vini Fantini,1.0,0,0,0.0,Ja,
"Balderstone, Abel",Caja Rural - Seguros RGA,1.0,0,0,0.0,Ja,
"Ballerini, Davide",XDS Astana Team,3.4,0,0,0.0,,
"Balmer, Alexandre",Toscana Factory Team Vini Fantini,1.0,0,0,0.0,Ja,
"Barbier, Pierre",Wagner Bazin WB,1.0,5,10,10.0,Ja,
"Barceló, Fernando",Caja Rural - Seguros RGA,1.3,0,0,0.0,Ja,
"Bardet, Romain",Team Picnic PostNL,9.3,0,0,0.0,,
"Barguil, Warren",Team Picnic PostNL,4.9,0,0,0.0,,
"Baroncini, Filippo",UAE Emirates XRG,3.8,1,0,0.0,,
"Barré, Louis",Intermarché - Wanty,1.5,0,0,0.0,Ja,
"Barrenetxea, Jon",Movistar Team,1.4,0,0,0.0,Ja,
"Barta, Will",Movistar Team,1.9,1,0,0.0,Ja,
"Barthe, Cyril",Groupama - FDJ,1.1,0,0,0.0,Ja,
"Bastiaens, Ayco",Soudal - Quick-Step,1.0,5,0,0.0,Ja,
"Battistella, Samuele",EF Education - EasyPost,3.0,0,0,0.0,,
"Baudin, Alex",EF Education - EasyPost,8.6,0,0,0.0,,
"Bauhaus, Phil",Bahrain Victorious,10.3,6,42,4.1,,
"Bax, Sjoerd",Q36.5 Pro Cycling Team,1.6,0,0,0.0,Ja,
"Bayer, Tobias",Alpecin - Deceuninck,1.2,6,0,0.0,Ja,
"Beadle, Hamish",Team Novo Nordisk,1.0,0,0,0.0,Ja,
"Behrens, Niklas",Team Visma - Lease a Bike,1.6,0,0,0.0,,Jappo
"Bekkum, Darren van",XDS Astana Team,1.3,0,0,0.0,Ja,
"Belle, Loe van",Team Visma - Lease a Bike,1.0,5,0,0.0,Ja,
"Beloki, Markel",EF Education - EasyPost,1.1,7,0,0.0,Ja,
"Bennett, George",Israel - Premier Tech,3.1,7,0,0.0,,
"Bennett, Sam",Decathlon AG2R La Mondiale,7.1,0,0,0.0,,
"Benoot, Tiesj",Team Visma - Lease a Bike,9.5,0,0,0.0,,
"Berasategi, Xabier",Euskaltel - Euskadi,1.6,1,0,0.0,Ja,
"Berckmoes, Jenno",Lotto,4.1,0,0,0.0,,
"Berg, Julius van den",Team Picnic PostNL,1.1,7,0,0.0,Ja,
"Berg, Lars van den",Groupama - FDJ,1.0,0,0,0.0,Ja,
"Berg, Marijn van den",EF Education - EasyPost,7.3,0,0,0.0,,
"Berhe, Welay Hagos",Team Jayco AlUla,1.4,0,0,0.0,Ja,
"Bernal, Egan",INEOS Grenadiers,14.5,0,0,0.0,,
"Bernard, Julien",Lidl - Trek,1.1,0,0,0.0,Ja,
"Berrade, Urko",Equipo Kern Pharma,4.6,0,0,0.0,,
"Berthet, Clément",Decathlon AG2R La Mondiale,2.6,0,0,0.0,,
"Berwick, Sebastian",Caja Rural - Seguros RGA,1.3,1,0,0.0,Ja,
"Bettiol, Alberto",XDS Astana Team,6.7,7,0,0.0,,
"Beullens, Cedric",Lotto,1.9,0,0,0.0,Ja,
"Bévort, Carl-Frederik",Uno-X Mobility,1.1,0,0,0.0,Ja,
"Bezza, Quentin",Wagner Bazin WB,1.0,1,0,0.0,Ja,
"Biagini, Frederico",VF Group - Bardiani CSF - Faizanè,1.0,0,0,0.0,Ja,
"Biermans, Jenthe",Arkéa - BnB Hotels,2.0,0,0,0.0,,
"Bilbao, Pello",Bahrain Victorious,17.4,1,12,0.7,,
"Bisiaux, Léo",Decathlon AG2R La Mondiale,1.5,0,0,0.0,Ja,
"Bissegger, Stefan",Decathlon AG2R La Mondiale,4.7,0,0,0.0,,
"Bittner, Pavel",Team Picnic PostNL,7.6,0,0,0.0,,
"Bizkarra, Mikel",Euskaltel - Euskadi,1.1,1,0,0.0,Ja,
"Bjerg, Mikkel",UAE Emirates XRG,5.9,5,0,0.0,,
"Blackmore, Joe",Israel - Premier Tech,7.4,0,0,0.0,,
"Blikra, Erlend",Uno-X Mobility,1.7,0,0,0.0,Ja,
"Bloem, Joren",Unibet Tietema Rockets,1.0,0,0,0.0,Ja,
"Blume Levy, William",Uno-X Mobility,1.0,0,0,0.0,Ja,
"Boivin, Guillaume",Israel - Premier Tech,1.1,0,0,0.0,Ja,
"Bol, Cees",XDS Astana Team,2.6,0,0,0.0,,
"Bomboi, Davide",Unibet Tietema Rockets,1.8,0,0,0.0,Ja,
"Bondt, Dries De",Decathlon AG2R La Mondiale,1.8,0,0,0.0,Ja,
"Boniface, Lucas",TotalEnergies,1.0,5,0,0.0,Ja,
"Bonillo, Iker",Euskaltel - Euskadi,1.0,0,0,0.0,Ja,
"Bonnet, Thomas",TotalEnergies,1.0,0,0,0.0,Ja,
"Bonneu, Kamiel",Intermarché - Wanty,1.1,0,0,0.0,Ja,
"Bossche, Fabio Van den",Alpecin - Deceuninck,1.0,6,0,0.0,Ja,
"Bou, Joan",Caja Rural - Seguros RGA,1.1,1,0,0.0,Ja,
"Bouchard, Geoffrey",Decathlon AG2R La Mondiale,2.3,6,0,0.0,Ja,
"Bouglas, Georgios",Burgos Burpellet BH,1.0,0,0,0.0,Ja,
"Boulahoite, Rayan",TotalEnergies,1.1,0,0,0.0,Ja,
"Bouwman, Koen",Team Jayco AlUla,1.8,0,0,0.0,Ja,
"Boven, Lars",Alpecin - Deceuninck,3.0,7,0,0.0,,
"Boven, Luca Van",Intermarché - Wanty,1.0,0,0,0.0,Ja,
"Braet, Vito",Intermarché - Wanty,4.1,0,0,0.0,,
"Brambilla, Gianluca",Q36.5 Pro Cycling Team,1.6,1,0,0.0,Ja,
"Brand, Sam",Team Novo Nordisk,1.0,0,0,0.0,Ja,
"Braz Afonso, Clément",Groupama - FDJ,1.3,0,0,0.0,Ja,
"Brennan, Matthew",Team Visma - Lease a Bike,2.9,6,20,6.9,,"Chrelle, Hustlersen, Kenk"
"Brenner, Marco",Tudor Pro Cycling Team,1.7,0,0,0.0,,Hustlersen
"Broek, Frank van den",Team Picnic PostNL,3.6,5,18,5.0,,Okholm
"Brunel, Alexys",TotalEnergies,1.0,0,0,0.0,Ja,
"Brustenga, Marc",Equipo Kern Pharma,1.1,5,6,5.5,Ja,
"Bruttomesso, Alberto",Bahrain Victorious,2.0,5,8,4.0,Ja,
"Buchmann, Emanuel",Cofidis,3.8,0,0,0.0,,
"Budding, Martijn",Unibet Tietema Rockets,1.1,0,0,0.0,Ja,
"Bugge, Martin Urianstad",Uno-X Mobility,1.0,0,0,0.0,Ja,
"Buitrago, Santiago",Bahrain Victorious,13.5,1,15,1.1,,Matti
"Buratti, Nicolò",Bahrain Victorious,1.1,5,0,0.0,Ja,
"Burgaudeau, Mathieu",TotalEnergies,3.7,0,0,0.0,,
"Burnett, Josh",Burgos Burpellet BH,1.0,0,0,0.0,Ja,
"Busatto, Francesco",Intermarché - Wanty,3.1,7,4,1.3,,
"Buttigieg, Aidan",Team Polti VisitMalta,1.0,0,0,0.0,Ja,
"Buyst, Jasper De",Lotto,1.9,0,0,0.0,Ja,
"Bystrøm, Sven Erik",Groupama - FDJ,1.9,7,0,0.0,Ja,
"Calzoni, Walter",Q36.5 Pro Cycling Team,1.0,1,0,0.0,Ja,
"Campenaerts, Victor",Team Visma - Lease a Bike,4.8,0,0,0.0,,Tommy
"Camprubi, Marcel",Q36.5 Pro Cycling Team,1.0,0,0,0.0,Ja,
"Canal, Carlos",Movistar Team,2.0,7,0,0.0,Ja,
"Capiot, Amaury",Arkéa - BnB Hotels,1.7,0,0,0.0,Ja,
"Carapaz, Richard",EF Education - EasyPost,16.5,0,0,0.0,,Knak
"Carboni, Giovanni",Unibet Tietema Rockets,1.1,0,0,0.0,Ja,
"Carr, Simon",Cofidis,2.0,0,0,0.0,Ja,
"Carrascosa, Pablo",Equipo Kern Pharma,1.0,5,0,0.0,Ja,
"Carthy, Hugh",EF Education - EasyPost,3.5,0,0,0.0,,
"Caruso, Damiano",Bahrain Victorious,3.0,0,0,0.0,,
"Castellon, Jan",Caja Rural - Seguros RGA,1.0,5,0,0.0,Ja,
"Castrillo, Pablo",Movistar Team,10.0,1,0,0.0,,Matti
"Castroviejo, Jonathan",INEOS Grenadiers,1.8,1,0,0.0,Ja,
"Cattaneo, Mattia",Soudal - Quick-Step,3.7,0,0,0.0,,
"Cavagna, Rémi",Groupama - FDJ,3.6,0,0,0.0,,
"Cavia, Daniel",Burgos Burpellet BH,1.0,0,0,0.0,Ja,
"Cepeda, Jefferson Alexander",EF Education - EasyPost,1.8,0,0,0.0,Ja,
"Cepeda, Jefferson Alveiro",Movistar Team,2.9,1,8,2.8,,
"Cerný, Josef",Soudal - Quick-Step,1.5,0,0,0.0,Ja,
"Cettolin, Filippo",VF Group - Bardiani CSF - Faizanè,1.1,0,0,0.0,Ja,
"Chamberlain, Oscar",Decathlon AG2R La Mondiale,1.0,0,0,0.0,Ja,
"Champoussin, Clément",XDS Astana Team,2.3,0,0,0.0,Ja,
"Charmig, Anthon",XDS Astana Team,1.3,0,0,0.0,Ja,
"Chaves, Esteban",EF Education - EasyPost,2.1,7,12,5.7,Ja,
"Christen, Fabio",Q36.5 Pro Cycling Team,3.6,0,0,0.0,,
"Christen, Jan",UAE Emirates XRG,7.2,0,0,0.0,,Kenk
"Christophersen, Cedrik",Unibet Tietema Rockets,1.0,0,0,0.0,Ja,
"Chumil, Sergio",Burgos Burpellet BH,1.0,0,0,0.0,Ja,
"Ciccone, Giulio",Lidl - Trek,13.8,0,0,0.0,,
"Cimolai, Davide",Movistar Team,2.0,0,0,0.0,Ja,
"Clarke, Simon",Israel - Premier Tech,2.4,7,0,0.0,Ja,
"Clynhens, Toon",Team Flanders - Baloise,1.0,0,0,0.0,Ja,
"Cobo, Iván",Equipo Kern Pharma,1.0,1,0,0.0,Ja,
"Colladon, Jacopo",Team Novo Nordisk,1.0,0,0,0.0,Ja,
"Colleoni, Kevin",Intermarché - Wanty,1.1,1,0,0.0,Ja,
"Colman, Alex",Team Flanders - Baloise,1.0,0,0,0.0,Ja,
"Colnaghi, Luca",VF Group - Bardiani CSF - Faizanè,1.1,0,0,0.0,Ja,
"Combaud, Romain",Team Picnic PostNL,1.0,0,0,0.0,Ja,
"Conci, Nicola",XDS Astana Team,1.6,7,0,0.0,Ja,
"Conforti, Lorenzo",VF Group - Bardiani CSF - Faizanè,1.0,0,0,0.0,Ja,
"Consonni, Simone",Lidl - Trek,3.4,1,0,0.0,,
"Conti, Valerio",Toscana Factory Team Vini Fantini,1.0,0,0,0.0,Ja,
"Coquard, Bryan",Cofidis,7.5,7,66,8.8,,
"Cort, Magnus",Uno-X Mobility,5.2,0,0,0.0,,
"Cosnefroy, Benoît",Decathlon AG2R La Mondiale,5.3,0,0,0.0,,
"Costa, Rui",EF Education - EasyPost,4.1,0,0,0.0,,
"Costiou, Ewen",Arkéa - BnB Hotels,2.5,0,0,0.0,Ja,
"Coté, Pier-André",Israel - Premier Tech,1.1,7,0,0.0,Ja,
"Covi, Alessandro",UAE Emirates XRG,3.4,0,0,0.0,,
"Covili, Luca",VF Group - Bardiani CSF - Faizanè,1.2,1,0,0.0,Ja,
"Crabbe, Tom",Team Flanders - Baloise,1.0,0,0,0.0,Ja,
"Craps, Lars",Lotto,1.0,0,0,0.0,Ja,
"Cras, Steff",TotalEnergies,4.0,0,0,0.0,,
"Crescioli, Ludovico",Team Polti VisitMalta,1.1,0,0,0.0,Ja,
"Cruz, Edward",VF Group - Bardiani CSF - Faizanè,1.0,0,0,0.0,Ja,
"Currie, Logan",Lotto,1.0,0,0,0.0,Ja,
"Dainese, Alberto",Tudor Pro Cycling Team,4.6,0,0,0.0,,
"Dalby, Simon",Uno-X Mobility,1.1,0,0,0.0,Ja,
"Darder, Sergi",Caja Rural - Seguros RGA,1.0,5,0,0.0,Ja,
"Dauge, Lucas",Team Novo Nordisk,1.0,0,0,0.0,Ja,
"Dauphin, Florian",TotalEnergies,1.1,5,8,7.3,Ja,
"Davy, Clément",Groupama - FDJ,1.0,7,0,0.0,Ja,
"De Cassan, Davide",Team Polti VisitMalta,1.1,0,0,0.0,Ja,
"De La Calle, Hugo",Burgos Burpellet BH,1.0,1,0,0.0,Ja,
"De La Cruz, David",Q36.5 Pro Cycling Team,1.5,0,0,0.0,Ja,
"De La Parte, Víctor",Euskaltel - Euskadi,1.1,0,0,0.0,Ja,
"De Marchi, Alessandro",Team Jayco AlUla,1.4,0,0,0.0,Ja,
"De Pretto, Davide",Team Jayco AlUla,3.5,0,0,0.0,,
"Debeaumarché, Nicolas",Cofidis,1.0,0,0,0.0,Ja,
"Debruyne, Ramses",Alpecin - Deceuninck,1.2,6,0,0.0,Ja,
"Declercq, Tim",Lidl - Trek,1.0,0,0,0.0,Ja,
"Degenkolb, John",Team Picnic PostNL,2.8,5,0,0.0,,
"Dehairs, Simon",Alpecin - Deceuninck,1.4,6,10,7.1,Ja,
"Dejaegher, Jasper",Team Flanders - Baloise,1.0,0,0,0.0,Ja,
"Dekker, David",Euskaltel - Euskadi,1.9,0,0,0.0,Ja,
"Del Grosso, Tibor",Alpecin - Deceuninck,1.6,0,0,0.0,Ja,Jarma
"Del Toro, Isaac",UAE Emirates XRG,18.1,0,0,0.0,,
"Delaplace, Anthony",Arkéa - BnB Hotels,1.0,0,0,0.0,Ja,
"Delbove, Joris",TotalEnergies,1.1,5,2,1.8,Ja,
"Delettre, Alexandre",TotalEnergies,1.1,0,0,0.0,Ja,
"Delgado, David",Burgos Burpellet BH,1.0,0,0,0.0,Ja,
"Deman, Bream",Team Flanders - Baloise,1.0,0,0,0.0,Ja,
"Démare, Arnaud",Arkéa - BnB Hotels,8.1,0,0,0.0,,
"Dens, Tuur",Team Flanders - Baloise,1.0,0,0,0.0,Ja,
"Denz, Nico",Red Bull - BORA - hansgrohe,2.4,1,0,0.0,Ja,
"Desal, Cériel",Wagner Bazin WB,1.0,5,0,0.0,Ja,
"Deweirdt, Siebe",Team Flanders - Baloise,1.0,0,0,0.0,Ja,
"Dewulf, Stan",Decathlon AG2R La Mondiale,2.4,0,0,0.0,Ja,
"Dhondt, Robbe",Team Picnic PostNL,1.0,0,0,0.0,Ja,
"Diaz, Alex",Caja Rural - Seguros RGA,1.0,0,0,0.0,Ja,
"Diaz, José Manuel",Burgos Burpellet BH,1.0,1,0,0.0,Ja,
"Dijke, Mick van",Red Bull - BORA - hansgrohe,2.0,0,0,0.0,Ja,
"Dijke, Tim van",Red Bull - BORA - hansgrohe,4.5,0,0,0.0,,"Kenk, Visti"
"Dillier, Silvan",Alpecin - Deceuninck,1.0,0,0,0.0,Ja,
"Dina, Márton",Euskaltel - Euskadi,1.0,1,0,0.0,Ja,
"Dinham, Matthew",Team Picnic PostNL,2.2,0,0,0.0,Ja,
"Donaldson, Robert",Team Jayco AlUla,2.8,1,0,0.0,,
"Donnenwirth, Tom",Groupama - FDJ,2.9,0,0,0.0,,
"Donovan, Mark",Q36.5 Pro Cycling Team,1.9,1,0,0.0,Ja,
"Doubey, Fabien",TotalEnergies,1.1,0,0,0.0,Ja,
"Double, Paul",Team Jayco AlUla,1.4,0,0,0.0,Ja,
"Doull, Owain",EF Education - EasyPost,1.4,0,0,0.0,Ja,
"Drizners, Jarrad",Lotto,1.1,0,0,0.0,Ja,
"Dujardin, Sandy",TotalEnergies,1.5,0,0,0.0,Ja,
"Dunbar, Eddie",Team Jayco AlUla,7.9,5,14,1.8,,
"Durbridge, Luke",Team Jayco AlUla,1.1,7,0,0.0,Ja,
"Durić, Dorđe",Toscana Factory Team Vini Fantini,1.0,0,0,0.0,Ja,
"Dversnes, Fredrik",Uno-X Mobility,1.0,5,45,45.0,Ja,
"Eddy, Patrick",Team Picnic PostNL,1.3,7,0,0.0,Ja,
"Edmondson, Alex",Team Picnic PostNL,1.0,7,0,0.0,Ja,
"Eekhoff, Nils",Team Picnic PostNL,1.8,3,0,0.0,Ja,
"Eenkhoorn, Pascal",Soudal - Quick-Step,1.4,7,1,0.7,Ja,
"Eetvelt, Lennert Van",Lotto,23.1,0,0,0.0,,"Jappo, Kenk, Tommy"
"Eiking, Odd Christian",Unibet Tietema Rockets,1.4,0,0,0.0,Ja,
"Einhorn, Itamar",Israel - Premier Tech,1.8,0,0,0.0,Ja,
"Elosegui, Iñigo",Equipo Kern Pharma,1.0,6,0,0.0,Ja,
"Engelhardt, Felix",Team Jayco AlUla,2.1,0,0,0.0,Ja,
"Epis, Giosuè",Arkéa - BnB Hotels,1.1,6,0,0.0,Ja,
"Eriksson, Jacob",Tudor Pro Cycling Team,1.0,0,0,0.0,Ja,
"Eriksson, Lucas",Tudor Pro Cycling Team,1.0,0,0,0.0,Ja,
"Ermakov, Roman",Bahrain Victorious,1.0,6,0,0.0,Ja,
"Eržen, Zak",Bahrain Victorious,1.0,5,0,0.0,Ja,
"Etxeberria, Haimar",Equipo Kern Pharma,1.0,0,0,0.0,Ja,
"Eulálio, Afonso",Bahrain Victorious,1.5,6,12,8.0,Ja,
"Evenepoel, Remco",Soudal - Quick-Step,40.5,0,0,0.0,,
"Ewan, Caleb",Team Jayco AlUla,8.0,0,0,0.0,,
"Fagúndez, Eric",Burgos Burpellet BH,1.0,0,0,0.0,Ja,
"Faura, Jose Luis",Burgos Burpellet BH,1.0,0,0,0.0,Ja,
"Faure Prost, Alexy",Intermarché - Wanty,1.1,0,0,0.0,Ja,
"Fedorov, Yevgeniy",XDS Astana Team,1.7,5,12,7.1,Ja,
"Fernández, Miguel Angel",Equipo Kern Pharma,1.0,1,0,0.0,Ja,
"Fernández, Samuel",Caja Rural - Seguros RGA,1.0,0,0,0.0,Ja,
"Fernández, Sinuhé",Burgos Burpellet BH,1.0,1,0,0.0,Ja,
"Ferraro, Santiago",VF Group - Bardiani CSF - Faizanè,1.1,0,0,0.0,Ja,
"Ferron, Valentin",Cofidis,1.1,0,0,0.0,Ja,
"Finé, Eddy",Cofidis,1.0,0,0,0.0,Ja,
"Fiorelli, Filippo",VF Group - Bardiani CSF - Faizanè,2.1,0,0,0.0,Ja,
"Fisher-Black, Finn",Red Bull - BORA - hansgrohe,7.8,7,116,14.9,,"Chrelle, Jappo"
"Flynn, Sean",Team Picnic PostNL,1.5,0,0,0.0,Ja,
"Foldager, Anders",Team Jayco AlUla,1.7,0,0,0.0,Ja,Hustlersen
"Formolo, Davide",Movistar Team,3.2,0,0,0.0,,
"Fortin, Filippo",Toscana Factory Team Vini Fantini,1.0,0,0,0.0,Ja,
"Fortunato, Lorenzo",XDS Astana Team,7.2,0,0,0.0,,
"Foss, Tobias",INEOS Grenadiers,5.0,1,0,0.0,,
"Fraile, Omar",INEOS Grenadiers,1.4,0,0,0.0,Ja,
"Fredheim, Stian",Uno-X Mobility,2.3,0,0,0.0,Ja,
"Fretin, Milan",Cofidis,3.5,0,0,0.0,,Matti
"Frigo, Marco",Israel - Premier Tech,2.1,0,0,0.0,Ja,Jarma
"Frison, Frederik",Q36.5 Pro Cycling Team,1.4,5,0,0.0,Ja,
"Froideveaux, Robin",Tudor Pro Cycling Team,1.2,0,0,0.0,Ja,
"Froome, Chris",Israel - Premier Tech,1.1,0,0,0.0,Ja,
"Fuentes, Angel",Burgos Burpellet BH,1.0,0,0,0.0,Ja,
"Fuglsang, Jakob",Israel - Premier Tech,2.5,0,0,0.0,Ja,
"Gachignard, Thomas",TotalEnergies,1.2,0,0,0.0,Ja,
"Gall, Felix",Decathlon AG2R La Mondiale,11.7,0,0,0.0,,"Chrelle, Matti, Visti"
"Galván, Francisco",Equipo Kern Pharma,1.0,0,0,0.0,Ja,
"Gamper, Patrick",Team Jayco AlUla,1.0,5,0,0.0,Ja,
"Ganna, Filippo",INEOS Grenadiers,16.1,0,0,0.0,,
"Ganzabal, Ander",Euskaltel - Euskadi,1.0,0,0,0.0,Ja,
"García Cortina, Iván",Movistar Team,4.4,0,0,0.0,,
"García, Carlos",Burgos Burpellet BH,1.0,0,0,0.0,Ja,
"García, Pablo",Team Polti VisitMalta,1.0,0,0,0.0,Ja,
"García, Raúl",Arkéa - BnB Hotels,2.4,0,0,0.0,Ja,
"Garofoli, Gianmarco",Soudal - Quick-Step,1.9,0,0,0.0,Ja,
"Gate, Aaron",XDS Astana Team,1.1,7,60,54.5,Ja,
"Gaudu, David",Groupama - FDJ,13.4,0,0,0.0,,
"Gautherat, Pierre",Decathlon AG2R La Mondiale,2.3,0,0,0.0,Ja,
"Gaviria, Fernando",Movistar Team,7.1,0,0,0.0,,
"Gaze, Samuel",Alpecin - Deceuninck,1.0,0,0,0.0,Ja,
"Gazzoli, Michele",XDS Astana Team,1.9,0,0,0.0,Ja,
"Gee, Derek",Israel - Premier Tech,12.3,0,0,0.0,,"Jappo, Okholm"
"Geens, Jonas",Team Flanders - Baloise,1.0,0,0,0.0,Ja,
"Gelders, Gil",Soudal - Quick-Step,1.4,0,0,0.0,Ja,
"Geleijn, Owen",Unibet Tietema Rockets,1.0,0,0,0.0,Ja,
"Gendt, Aimé De",Cofidis,1.1,0,0,0.0,Ja,
"Geniets, Kévin",Groupama - FDJ,1.4,0,0,0.0,Ja,
"Geoghegan Hart, Tao",Lidl - Trek,10.7,0,0,0.0,,"Jarma, Okholm"
"Gerits, Vince",Team Flanders - Baloise,1.0,0,0,0.0,Ja,
"Germani, Lorenzo",Groupama - FDJ,1.2,0,0,0.0,Ja,
"Gesbert, Elie",Arkéa - BnB Hotels,1.2,0,0,0.0,Ja,
"Gestel, Dries Van",Soudal - Quick-Step,3.5,0,0,0.0,,
"Ghebreigzabhier, Amanuel",Lidl - Trek,1.3,1,0,0.0,Ja,
"Ghys, Robbe",Alpecin - Deceuninck,1.0,0,0,0.0,Ja,
"Gibbons, Ryan",Lidl - Trek,1.3,0,0,0.0,Ja,
"Giddings, Joshua",Lotto,1.2,0,0,0.0,Ja,
"Gils, Maxim Van",Red Bull - BORA - hansgrohe,19.9,0,0,0.0,,"Kenk, Matti"
"Gimeno, Nil",Equipo Kern Pharma,1.0,0,0,0.0,Ja,
"Girmay, Biniam",Intermarché - Wanty,16.0,0,0,0.0,,"Jappo, Knak, Matti, Okholm, Visti"
"Glivar, Gal",Alpecin - Deceuninck,1.6,6,0,0.0,Ja,
"Gloag, Thomas",Team Visma - Lease a Bike,3.2,6,55,17.2,,
"Godon, Dorian",Decathlon AG2R La Mondiale,6.4,6,3,0.5,,
"Gogl, Michael",Alpecin - Deceuninck,1.0,0,0,0.0,Ja,
"Gomez, Germán",Team Polti VisitMalta,1.0,0,0,0.0,Ja,
"González, Abner",Caja Rural - Seguros RGA,1.3,5,0,0.0,Ja,
"González, David",Q36.5 Pro Cycling Team,1.2,1,0,0.0,Ja,
"González, Roberto",Toscana Factory Team Vini Fantini,1.0,0,0,0.0,Ja,
"Goossens, Kobe",Intermarché - Wanty,2.2,0,0,0.0,,
"Govekar, Matevž",Bahrain Victorious,4.4,0,0,0.0,,
"Graat, Tijmen",Team Visma - Lease a Bike,1.7,6,0,0.0,Ja,
"Gradek, Kamil",Bahrain Victorious,1.0,1,0,0.0,Ja,
"Graeve, Quinten De",Team Novo Nordisk,1.0,0,0,0.0,Ja,
"Gregaard, Jonas",Lotto,1.4,0,0,0.0,Ja,
"Grégoire, Romain",Groupama - FDJ,9.6,0,0,0.0,,"Chrelle, Jarma, Knak"
"Grellier, Fabien",TotalEnergies,1.0,5,0,0.0,Ja,
"Grignard, Sébastien",Lotto,1.0,0,0,0.0,Ja,
"Groenewegen, Dylan",Team Jayco AlUla,8.8,5,30,3.4,,
"Grondin, Donavan",Arkéa - BnB Hotels,1.1,6,0,0.0,Ja,
"Grossschartner, Felix",UAE Emirates XRG,4.3,1,0,0.0,,
"Groves, Kaden",Alpecin - Deceuninck,14.6,1,0,0.0,,
"Gruel, Thibaud",Groupama - FDJ,2.6,0,0,0.0,,
"Guardeño, Jaume",Caja Rural - Seguros RGA,1.0,1,0,0.0,Ja,
"Gudmestad, Tord",Decathlon AG2R La Mondiale,1.2,0,0,0.0,Ja,
"Guernalec, Thibault",Arkéa - BnB Hotels,1.1,0,0,0.0,Ja,
"Guernalec, Victor",Arkéa - BnB Hotels,1.1,0,0,0.0,Ja,
"Guerreiro, Ruben",Movistar Team,4.8,0,0,0.0,,
"Guglielmi, Simon",Arkéa - BnB Hotels,1.3,0,0,0.0,Ja,
"Gutiérrez, Jorge",Equipo Kern Pharma,1.0,0,0,0.0,Ja,
"Hagenes, Per Strand",Team Visma - Lease a Bike,5.8,0,0,0.0,,
"Haig, Jack",Bahrain Victorious,3.9,1,0,0.0,,
"Hajek, Alexander",Red Bull - BORA - hansgrohe,1.1,0,0,0.0,Ja,
"Haller, Marco",Tudor Pro Cycling Team,1.9,0,0,0.0,Ja,
"Hamilton, Chris",Team Picnic PostNL,1.3,0,0,0.0,Ja,
"Hamilton, Lucas",INEOS Grenadiers,1.6,7,0,0.0,Ja,
"Harper, Chris",Team Jayco AlUla,3.7,7,14,3.8,,
"Hatherly, Alan",Team Jayco AlUla,3.8,5,42,11.1,,
"Hautegem, Leander Van",Wagner Bazin WB,1.1,5,0,0.0,Ja,
"Hayter, Ethan",Soudal - Quick-Step,9.4,0,0,0.0,,"Chrelle, Jappo"
"Healy, Ben",EF Education - EasyPost,12.4,0,0,0.0,,Knak
"Heiduk, Kim",INEOS Grenadiers,1.2,0,0,0.0,Ja,
"Hellemose, Asbjørn",Team Jayco AlUla,1.0,1,0,0.0,Ja,
"Hemelen, Vincent Van",Team Flanders - Baloise,1.0,0,0,0.0,Ja,
"Heming, Miká",Tudor Pro Cycling Team,1.0,0,0,0.0,Ja,
"Hennequin, Paul",Euskaltel - Euskadi,1.5,0,0,0.0,Ja,
"Hepburn, Michael",Team Jayco AlUla,1.1,7,0,0.0,Ja,
"Hermans, Quinten",Alpecin - Deceuninck,5.1,0,0,0.0,,
"Herrada, Jesús",Cofidis,2.2,7,0,0.0,Ja,
"Herregodts, Rune",UAE Emirates XRG,1.9,6,0,0.0,Ja,
"Herreño, Martin",VF Group - Bardiani CSF - Faizanè,1.0,0,0,0.0,Ja,
"Herzog, Emil",Red Bull - BORA - hansgrohe,1.1,0,0,0.0,Ja,
"Hesters, Jules",Team Flanders - Baloise,1.1,0,0,0.0,Ja,
"Higuita, Sergio",XDS Astana Team,7.6,7,1,0.1,,
"Hindley, Jai",Red Bull - BORA - hansgrohe,11.5,1,0,0.0,,
"Hirschi, Marc",Tudor Pro Cycling Team,14.8,0,0,0.0,,"Hustlersen, Jappo, Knak"
"Hirt, Jan",Israel - Premier Tech,5.2,0,0,0.0,,
"Hoecke, Gijs Van",Intermarché - Wanty,1.3,1,0,0.0,Ja,
"Hoelgaard, Markus",Uno-X Mobility,1.5,0,0,0.0,Ja,
"Hofstetter, Hugo",Israel - Premier Tech,2.7,0,0,0.0,,
"Hollmann, Juri",Alpecin - Deceuninck,1.3,0,0,0.0,Ja,
"Holter, Ådne",Uno-X Mobility,1.0,5,30,30.0,Ja,
"Honoré, Mikkel",EF Education - EasyPost,2.7,0,0,0.0,,
"Hoole, Daan",Lidl - Trek,1.6,1,0,0.0,Ja,
"Hoorn, Taco van der",Intermarché - Wanty,2.1,7,0,0.0,Ja,
"Houle, Hugo",Israel - Premier Tech,2.1,1,0,0.0,Ja,
"Howson, Damien",Australian National Team,2.1,6,0,0.0,Ja,
"Huby, Antoine",Soudal - Quick-Step,1.7,7,0,0.0,Ja,
"Huens, Axel",Unibet Tietema Rockets,1.0,0,0,0.0,Ja,
"Huising, Menno",Team Visma - Lease a Bike,1.7,6,0,0.0,Ja,
"Huyet, Baptiste",Unibet Tietema Rockets,1.0,0,0,0.0,Ja,
"Huys, Laurens",Arkéa - BnB Hotels,1.1,0,0,0.0,Ja,
"Hvideberg, Jonas",Uno-X Mobility,1.0,0,0,0.0,Ja,
"Iacchi, Alessandro",Toscana Factory Team Vini Fantini,1.0,0,0,0.0,Ja,
"Ibañez, Javier",Caja Rural - Seguros RGA,1.0,5,0,0.0,Ja,
"Inkelaar, Kevin",Unibet Tietema Rockets,1.0,0,0,0.0,Ja,
"Iribar, Unai",Equipo Kern Pharma,1.0,6,0,0.0,Ja,
"Irvine, Declan",Team Novo Nordisk,1.0,0,0,0.0,Ja,
"Isasa, Xabier",Euskaltel - Euskadi,1.0,1,0,0.0,Ja,
"Isidore, Noa",Decathlon AG2R La Mondiale,1.6,6,0,0.0,Ja,
"Izagirre, Ion",Cofidis,7.5,7,0,0.0,,
"Izquierdo, Clément",Cofidis,1.0,0,0,0.0,Ja,
"Jackson, George",Burgos Burpellet BH,1.1,0,0,0.0,Ja,
"Jacobs, Johan",Groupama - FDJ,1.0,0,0,0.0,Ja,
"Jakobsen, Fabio",Team Picnic PostNL,8.3,5,0,0.0,,
"Jansen, Amund Grøndahl",Uno-X Mobility,1.0,0,0,0.0,Ja,
"Janssens, Jimmy",Alpecin - Deceuninck,1.0,0,0,0.0,Ja,
"Jeanniere, Emilien",TotalEnergies,1.7,0,0,0.0,,"Chrelle, Jappo, Knak"
"Jegat, Jordan",TotalEnergies,2.1,5,12,5.7,Ja,
"Johannessen, Anders",Uno-X Mobility,1.0,0,0,0.0,Ja,
"Johannessen, Tobias",Uno-X Mobility,8.4,0,0,0.0,,
"Johannink, Jelle",Unibet Tietema Rockets,1.0,0,0,0.0,Ja,
"Johansen, Julius",UAE Emirates XRG,1.1,7,0,0.0,Ja,
"Johnston, Calum",Caja Rural - Seguros RGA,1.0,5,0,0.0,Ja,
"Jorgenson, Matteo",Team Visma - Lease a Bike,25.6,0,0,0.0,,
"Jousseaume, Alan",TotalEnergies,1.0,0,0,0.0,Ja,
"Juaristi, Txomin",Euskaltel - Euskadi,1.3,1,0,0.0,Ja,
"Jungels, Bob",INEOS Grenadiers,1.8,1,0,0.0,Ja,
"Juul-Jensen, Chris",Team Jayco AlUla,1.0,0,0,0.0,Ja,
"Kajamini, Florian",XDS Astana Team,1.2,0,0,0.0,Ja,
"Kämna, Lennard",Lidl - Trek,8.6,0,0,0.0,,
"Kamp, Alexander",Intermarché - Wanty,2.5,1,0,0.0,Ja,
"Kanter, Max",XDS Astana Team,4.7,0,0,0.0,,Hustlersen
"Kelderman, Wilco",Team Visma - Lease a Bike,9.7,0,0,0.0,,
"Kelemen, Petr",Tudor Pro Cycling Team,1.1,0,0,0.0,Ja,
"Kepplinger, Rainer",Bahrain Victorious,1.9,6,47,24.7,Ja,
"Kielich, Timo",Alpecin - Deceuninck,2.0,0,0,0.0,Ja,
"Kirsch, Alex",Lidl - Trek,2.2,0,0,0.0,Ja,
"Kleijn, Arvid de",Tudor Pro Cycling Team,5.6,5,4,0.7,,
"Kluckers, Arthur",Tudor Pro Cycling Team,1.0,0,0,0.0,Ja,
"Kmínek, Vojtěch",Burgos Burpellet BH,1.0,1,0,0.0,Ja,
"Knight, Oliver",Cofidis,1.0,0,0,0.0,Ja,
"Knox, James",Soudal - Quick-Step,1.9,7,0,0.0,Ja,
"Koch, Jonas",Red Bull - BORA - hansgrohe,1.2,0,0,0.0,Ja,
"Koerdt, Bjoern",Team Picnic PostNL,1.0,7,0,0.0,Ja,
"Kogut, Oded",Israel - Premier Tech,1.0,0,0,0.0,,
"Kolze Changizi, Sebastian",Tudor Pro Cycling Team,1.0,5,1,1.0,Ja,
"Konrad, Patrick",Lidl - Trek,3.2,7,46,14.4,,
"Kooij, Olav",Team Visma - Lease a Bike,20.0,0,0,0.0,,"Kenk, Matti, Tommy, Visti"
"Kopecký, Matyáš",Team Novo Nordisk,1.3,1,0,0.0,Ja,
"Kopecký, Tomáš",Unibet Tietema Rockets,1.1,0,0,0.0,Ja,
"Koyama, Tomoya",Burgos Burpellet BH,1.0,0,0,0.0,Ja,
"Krieger, Alexander",Tudor Pro Cycling Team,1.1,0,0,0.0,Ja,
"Krijnsen, Jelte",Team Jayco AlUla,3.0,1,0,0.0,,
"Kristoff, Alexander",Uno-X Mobility,6.8,5,8,1.2,,
"Kron, Andreas",Uno-X Mobility,8.3,0,0,0.0,,Kenk
"Kruijswijk, Steven",Team Visma - Lease a Bike,2.0,0,0,0.0,Ja,
"Kubiš, Lukáš",Unibet Tietema Rockets,1.3,0,0,0.0,Ja,
"Kudus, Merhawi",Burgos Burpellet BH,1.1,0,0,0.0,Ja,
"Kulset, Johannes",Uno-X Mobility,1.6,5,43,26.9,Ja,
"Kulset, Magnus",Uno-X Mobility,1.0,5,0,0.0,Ja,
"Küng, Stefan",Groupama - FDJ,14.1,0,0,0.0,,
"Kuss, Sepp",Team Visma - Lease a Bike,10.4,0,0,0.0,,
"Kuypers, Gerben",Intermarché - Wanty,1.0,0,0,0.0,Ja,
"Kwiatkowski, Michal",INEOS Grenadiers,4.3,7,0,0.0,,
"Kyffin, Zeb",Unibet Tietema Rockets,1.1,0,0,0.0,Ja,
"Labrosse, Jordan",Decathlon AG2R La Mondiale,1.2,6,0,0.0,Ja,
"Laengen, Vegard Stake",UAE Emirates XRG,1.0,0,0,0.0,Ja,
"Lafay, Victor",Decathlon AG2R La Mondiale,5.3,0,0,0.0,,Jarma
"Lambrecht, Michiel",Wagner Bazin WB,1.0,1,0,0.0,Ja,
"Lampaert, Yves",Soudal - Quick-Step,4.7,0,0,0.0,,
"Lamperti, Luke",Soudal - Quick-Step,7.9,0,0,0.0,,
"Landa, Mikel",Soudal - Quick-Step,17.2,0,0,0.0,,"Jappo, Jarma, Visti"
"Langellotti, Victor",INEOS Grenadiers,1.6,0,0,0.0,Ja,
"Lanhove, Milan",Team Flanders - Baloise,1.0,0,0,0.0,Ja,
"Lapeira, Paul",Decathlon AG2R La Mondiale,6.3,6,0,0.0,,"Knak, Tommy"
"Laporte, Christophe",Team Visma - Lease a Bike,15.3,0,0,0.0,,
"Lastra, Jonathan",Cofidis,1.5,0,0,0.0,Ja,
"Latour, Pierre",TotalEnergies,2.2,0,0,0.0,Ja,
"Laurance, Axel",INEOS Grenadiers,4.4,0,0,0.0,,"Jappo, Matti, Okholm"
"Lazkano, Oier",Red Bull - BORA - hansgrohe,7.7,0,0,0.0,,"Chrelle, Matti, Okholm"
"Le Berre, Mathis",Arkéa - BnB Hotels,1.5,0,0,0.0,Ja,
"Le Gac, Olivier",Groupama - FDJ,1.1,0,0,0.0,Ja,
"Le Huitouze, Eddy",Groupama - FDJ,1.0,7,0,0.0,Ja,
"Lecerf, William Junior",Soudal - Quick-Step,4.3,7,2,0.5,,
"Lee, Jardi van der",EF Education - EasyPost,1.1,7,0,0.0,Ja,
"Leemreize, Gijs",Team Picnic PostNL,1.8,7,0,0.0,Ja,
"Leijnse, Enzo",Team Picnic PostNL,1.0,5,0,0.0,Ja,
"Leitão, Iúri",Caja Rural - Seguros RGA,1.1,1,0,0.0,Ja,
"Leknessund, Andreas",Uno-X Mobility,3.8,0,0,0.0,,
"Lemmen, Bart",Team Visma - Lease a Bike,7.2,0,0,0.0,,
"Leonard, Michael",INEOS Grenadiers,1.0,1,0,0.0,Ja,
"Lerberghe, Bert Van",Soudal - Quick-Step,1.1,5,0,0.0,Ja,
"Leroux, Samuel",TotalEnergies,1.3,5,0,0.0,Ja,
"Lie, Arnaud De",Lotto,17.9,0,0,0.0,,"Chrelle, Hustlersen, Jappo, Jarma, Okholm, Visti"
"Lienhard, Fabian",Tudor Pro Cycling Team,1.2,0,0,0.0,Ja,
"Liepiņš, Emīls",Q36.5 Pro Cycling Team,1.9,5,0,0.0,Ja,
"Lipowitz, Florian",Red Bull - BORA - hansgrohe,17.0,0,0,0.0,,Okholm
"Livyns, Arjen",Lotto,2.9,0,0,0.0,,
"Løland, Sakarias Koller",Uno-X Mobility,1.0,0,0,0.0,Ja,
"Lonardi, Giovanni",Team Polti VisitMalta,4.1,1,0,0.0,,
"Loockx, Lander",Unibet Tietema Rockets,1.2,0,0,0.0,Ja,
"Lopez de Abetxuko, Andoni",Euskaltel - Euskadi,1.0,0,0,0.0,Ja,
"Lopez, Harold Martin",XDS Astana Team,1.7,3,0,0.0,Ja,
"Lopez, Jordi",Euskaltel - Euskadi,1.0,0,0,0.0,Ja,
"Lopez, Joseba",Caja Rural - Seguros RGA,1.1,0,0,0.0,Ja,
"Lopez, Juan Pedro",Lidl - Trek,3.3,7,0,0.0,,
"Louvel, Matîs",Israel - Premier Tech,2.3,0,0,0.0,Ja,Jarma
"Lozano, David",Team Novo Nordisk,1.0,0,0,0.0,Ja,
"Lozouet, Léandre",Arkéa - BnB Hotels,1.0,0,0,0.0,Ja,
"Lutsenko, Alexey",Israel - Premier Tech,5.5,1,0,0.0,,
"Maas, Jan",Cofidis,1.0,7,0,0.0,Ja,
"Maciejuk, Filip",Red Bull - BORA - hansgrohe,1.0,7,0,0.0,Ja,
"Mackellar, Alastair",EF Education - EasyPost,1.0,7,0,0.0,Ja,
"Madouas, Valentin",Groupama - FDJ,9.2,0,0,0.0,,
"Maestri, Mirco",Team Polti VisitMalta,1.4,1,0,0.0,Ja,
"Magli, Filippo",VF Group - Bardiani CSF - Faizanè,1.6,0,0,0.0,Ja,
"Magnier, Paul",Soudal - Quick-Step,8.5,0,0,0.0,,"Chrelle, Jappo, Jarma, Kenk, Tommy, Visti"
"Mahoudo, Nolann",Cofidis,1.0,7,0,0.0,Ja,
"Maire, Adrien",Unibet Tietema Rockets,1.0,0,0,0.0,Ja,
"Maisonobe, Sam",Cofidis,1.0,0,0,0.0,Ja,
"Majka, Rafał",UAE Emirates XRG,2.7,5,3,1.1,,
"Małecki, Kamil",Q36.5 Pro Cycling Team,1.2,0,0,0.0,Ja,
"Malucelli, Matteo",XDS Astana Team,1.3,0,0,0.0,Ja,
"Manzin, Lorrenzo",TotalEnergies,1.2,0,0,0.0,Ja,
"Marcellusi, Martin",VF Group - Bardiani CSF - Faizanè,1.3,0,0,0.0,Ja,
"Marcerou, Nicola",TotalEnergies,1.0,5,0,0.0,Ja,
"Maris, Elias",Team Flanders - Baloise,1.0,0,0,0.0,Ja,
"Marit, Arne",Intermarché - Wanty,2.5,7,20,8.0,Ja,
"Märkl, Niklas",Team Picnic PostNL,1.1,5,0,0.0,Ja,
"Martín, Alex",Team Polti VisitMalta,1.0,0,0,0.0,Ja,
"Martín, David",Burgos Burpellet BH,1.0,1,0,0.0,Ja,
"Martín, Gotzon",Euskaltel - Euskadi,1.1,0,0,0.0,Ja,
"Martin, Guillaume",Groupama - FDJ,6.7,0,0,0.0,,
"Martinelli, Alessio",VF Group - Bardiani CSF - Faizanè,1.0,1,0,0.0,Ja,
"Martínez, Daniel",Red Bull - BORA - hansgrohe,14.2,0,0,0.0,,
"Martinez, Juan Guillermo",Team Picnic PostNL,1.4,0,0,0.0,Ja,
"Martinez, Lenny",Bahrain Victorious,9.2,1,2,0.2,,"Jappo, Knak, Matti, Okholm, Tommy, Visti"
"Mas, Enric",Movistar Team,22.2,0,0,0.0,,
"Masnada, Fausto",XDS Astana Team,2.7,0,0,0.0,,
"Matthews, Michael",Team Jayco AlUla,12.2,0,0,0.0,,
"Matthys, Louka",Wagner Bazin WB,1.0,1,0,0.0,Ja,
"Mayrhofer, Marius",Tudor Pro Cycling Team,4.9,0,0,0.0,,
"McDonald, Bailey",Team Novo Nordisk,1.0,1,0,0.0,Ja,
"McLay, Daniel",Team Visma - Lease a Bike,1.8,0,0,0.0,Ja,
"McNulty, Brandon",UAE Emirates XRG,16.7,1,4,0.2,,
"Mechelen, Vlad Van",Bahrain Victorious,1.7,0,0,0.0,Ja,
"Meens, Johan",Wagner Bazin WB,1.0,1,0,0.0,Ja,
"Meester, Luca De",Wagner Bazin WB,1.0,0,0,0.0,Ja,
"Meeus, Jordi",Red Bull - BORA - hansgrohe,7.8,0,0,0.0,,
"Meintjes, Louis",Intermarché - Wanty,3.6,1,0,0.0,,
"Menten, Milan",Lotto,3.5,0,0,0.0,,
"Meo, Felix James",Toscana Factory Team Vini Fantini,1.0,0,0,0.0,Ja,
"Meris, Sergio",Unibet Tietema Rockets,1.1,0,0,0.0,Ja,
"Merlier, Tim",Soudal - Quick-Step,19.5,5,30,1.5,,"Jappo, Knak, Matti, Tommy"
"Meulen, Max van der",Bahrain Victorious,1.0,5,7,7.0,Ja,
"Meurisse, Xandro",Alpecin - Deceuninck,1.6,0,0,0.0,Ja,
"Mezgec, Luka",Team Jayco AlUla,2.2,5,0,0.0,Ja,
"Mihkels, Madis",EF Education - EasyPost,5.6,0,0,0.0,,"Hustlersen, Matti, Visti"
"Miholjević, Fran",Bahrain Victorious,1.0,0,0,0.0,Ja,
"Mikutis, Aivaras",Tudor Pro Cycling Team,1.0,5,0,0.0,Ja,
"Milan, Jonathan",Lidl - Trek,25.3,1,0,0.0,,"Jarma, Kenk, Matti, Okholm, Visti"
"Milesi, Lorenzo",Movistar Team,2.2,1,0,0.0,Ja,
"Mintegi, Iker",Euskaltel - Euskadi,1.0,0,0,0.0,Ja,
"Miquel, Pau",Equipo Kern Pharma,6.3,0,0,0.0,,
"Moer, Brent Van",Lotto,1.3,0,0,0.0,Ja,
"Mohorič, Matej",Bahrain Victorious,13.0,0,0,0.0,,
"Molano, Sebastián",UAE Emirates XRG,6.0,5,32,5.3,,
"Molard, Rudy",Groupama - FDJ,2.7,0,0,0.0,,
"Molenaar, Alex",Caja Rural - Seguros RGA,1.8,1,0,0.0,Ja,
"Mollema, Bauke",Lidl - Trek,5.1,7,16,3.1,,Knak
"Moniquet, Sylvain",Cofidis,2.4,0,0,0.0,Ja,
"Montagner, Andrea",VF Group - Bardiani CSF - Faizanè,1.0,0,0,0.0,Ja,
"Morgado, António",UAE Emirates XRG,4.1,0,0,0.0,,"Hustlersen, Jappo, Matti, Visti"
"Moro, Manlio",Movistar Team,1.0,1,0,0.0,Ja,
"Mosca, Jacopo",Lidl - Trek,1.1,7,3,2.7,Ja,
"Moschetti, Matteo",Q36.5 Pro Cycling Team,2.1,5,31,14.8,Ja,
"Moscon, Gianni",Red Bull - BORA - hansgrohe,1.7,1,0,0.0,Ja,
"Mouris, Wessel",Unibet Tietema Rockets,1.1,0,0,0.0,Ja,
"Mozzato, Luca",Arkéa - BnB Hotels,4.0,0,0,0.0,,
"Mühlberger, Gregor",Movistar Team,2.0,7,0,0.0,Ja,
"Mullen, Ryan",Red Bull - BORA - hansgrohe,1.2,7,0,0.0,Ja,
"Muller, Anton",Team Novo Nordisk,1.0,0,0,0.0,Ja,
"Mulubrhan, Henok",XDS Astana Team,1.2,7,0,0.0,Ja,
"Muñoz, Fran",Team Polti VisitMalta,1.0,0,0,0.0,Ja,
"Murguialday, Jokin",Euskaltel - Euskadi,1.0,1,0,0.0,Ja,
"Naberman, Tim",Team Picnic PostNL,1.0,0,0,0.0,Ja,
"Naesen, Oliver",Decathlon AG2R La Mondiale,2.0,0,0,0.0,Ja,Knak
"Narváez, Jhonatan",UAE Emirates XRG,13.6,6,161,11.8,,"Hustlersen, Kenk"
"Neilands, Krists",Israel - Premier Tech,3.2,0,0,0.0,,
"Nencini, Tommaso",Toscana Factory Team Vini Fantini,1.0,0,0,0.0,Ja,
"Nerurkar, Lukas",EF Education - EasyPost,5.5,7,0,0.0,,"Hustlersen, Jarma"
"Nicolau, Joel",Caja Rural - Seguros RGA,1.0,0,0,0.0,Ja,
"Nielsen, Sebastian",Unibet Tietema Rockets,1.0,0,0,0.0,Ja,
"Nizzolo, Giacomo",Q36.5 Pro Cycling Team,2.8,0,0,0.0,,
"Nordhagen, Jørgen",Team Visma - Lease a Bike,3.1,0,0,0.0,,
"Norsgaard, Mathias",Movistar Team,1.1,7,0,0.0,Ja,
"Novak, Domen",UAE Emirates XRG,1.0,0,0,0.0,Ja,
"Nys, Thibau",Lidl - Trek,9.9,0,0,0.0,,"Chrelle, Hustlersen, Jappo, Kenk, Knak, Matti, Tommy, Visti"
"O'Brien, Kelland",Team Jayco AlUla,1.1,7,0,0.0,Ja,
"O'Connor, Ben",Team Jayco AlUla,21.8,1,0,0.0,,
"Okamika, Ander",Burgos Burpellet BH,1.0,1,0,0.0,Ja,
"Oldani, Stefano",Cofidis,2.6,0,0,0.0,,
"Oliveira, Ivo",UAE Emirates XRG,1.2,6,0,0.0,Ja,
"Oliveira, Nelson",Movistar Team,2.5,1,0,0.0,Ja,
"Oliveira, Rui",UAE Emirates XRG,2.2,6,20,9.1,Ja,
"Onley, Oscar",Team Picnic PostNL,14.7,7,98,6.7,,"Hustlersen, Okholm"
"Oomen, Sam",Lidl - Trek,1.9,0,0,0.0,Ja,
"Orins, Robin",Lotto,1.1,0,0,0.0,Ja,
"Otruba, Jakub",Caja Rural - Seguros RGA,1.1,1,0,0.0,Ja,
"Ourselin, Paul",Cofidis,1.1,7,0,0.0,Ja,
"Paar, Jarne Van de",Lotto,2.0,0,0,0.0,Ja,
"Paasschens, Mathijs",Bahrain Victorious,1.0,6,0,0.0,Ja,
"Pacher, Quentin",Groupama - FDJ,3.6,7,0,0.0,,
"Page, Hugo",Intermarché - Wanty,4.4,0,0,0.0,,
"Paige, Charles",Unibet Tietema Rockets,1.0,0,0,0.0,Ja,
"Paleni, Enzo",Groupama - FDJ,1.6,0,0,0.0,Ja,
"Paletti, Luca",VF Group - Bardiani CSF - Faizanè,1.0,1,0,0.0,Ja,
"Palzer, Anton",Red Bull - BORA - hansgrohe,1.0,0,0,0.0,Ja,
"Papon, Victor",Wagner Bazin WB,1.0,0,0,0.0,Ja,
"Paquot, Tom",Intermarché - Wanty,1.0,7,0,0.0,Ja,
"Paret-Peintre, Aurélien",Decathlon AG2R La Mondiale,5.7,0,0,0.0,,
"Paret-Peintre, Valentin",Soudal - Quick-Step,6.9,0,0,0.0,,
"Parisini, Nicolò",Q36.5 Pro Cycling Team,1.5,5,0,0.0,Ja,
"Parra, José Félix",Equipo Kern Pharma,2.3,1,0,0.0,Ja,
"Pasqualon, Andrea",Bahrain Victorious,2.1,5,0,0.0,Ja,
"Pedersen, Casper",Soudal - Quick-Step,1.2,7,0,0.0,Ja,
"Pedersen, Henrik",Uno-X Mobility,1.3,0,0,0.0,Ja,
"Pedersen, Mads",Lidl - Trek,28.1,0,0,0.0,,"Chrelle, Hustlersen, Jappo, Kenk, Matti, Tommy, Visti"
"Pedersen, Rasmus Søjberg",Decathlon AG2R La Mondiale,2.1,0,0,0.0,Ja,Jarma
"Pedrero, Antonio",Movistar Team,1.7,0,0,0.0,Ja,
"Pellizzari, Giulio",Red Bull - BORA - hansgrohe,6.8,0,0,0.0,,Tommy
"Peñalver, Manuel",Team Polti VisitMalta,1.2,0,0,0.0,Ja,
"Penhoët, Paul",Groupama - FDJ,4.8,0,0,0.0,,Jarma
"Peñuela, Francisco",Caja Rural - Seguros RGA,1.0,0,0,0.0,Ja,
"Percrule, Doriand",Team Novo Nordisk,1.0,0,0,0.0,Ja,
"Perez, Anthony",Cofidis,1.0,0,0,0.0,Ja,
"Peron, Andrea",Team Novo Nordisk,1.0,0,0,0.0,Ja,
"Perracchione, Alessandro",Team Novo Nordisk,1.0,0,0,0.0,Ja,
"Persico, Davide",Wagner Bazin WB,1.2,0,0,0.0,Ja,
"Pescador, Diego",Movistar Team,1.0,7,0,0.0,Ja,
"Pestel, Sander De",Decathlon AG2R La Mondiale,1.0,0,0,0.0,Ja,
"Petegem, Axandre Van",Wagner Bazin WB,1.0,0,0,0.0,Ja,
"Peters, Nans",Decathlon AG2R La Mondiale,1.5,0,0,0.0,Ja,
"Petilli, Simone",Intermarché - Wanty,1.3,0,0,0.0,Ja,
"Petit, Adrien",Intermarché - Wanty,1.0,1,0,0.0,Ja,
"Philipsen, Jasper",Alpecin - Deceuninck,27.5,0,0,0.0,,"Jarma, Knak"
"Phippen, Logan",Team Novo Nordisk,1.0,0,0,0.0,Ja,
"Pickering, Finlay",Bahrain Victorious,1.2,0,0,0.0,Ja,
"Pickrell, Riley",Israel - Premier Tech,2.4,1,0,0.0,Ja,
"Pidcock, Joe",Q36.5 Pro Cycling Team,1.1,0,0,0.0,Ja,
"Pidcock, Tom",Q36.5 Pro Cycling Team,18.0,5,80,4.4,,"Chrelle, Jappo, Knak"
"Pietrobon, Andrea",Team Polti VisitMalta,1.2,0,0,0.0,Ja,
"Piganzoli, Davide",Team Polti VisitMalta,5.6,1,0,0.0,,
"Pinarello, Alessandro",VF Group - Bardiani CSF - Faizanè,1.1,0,0,0.0,Ja,
"Pinazzi, Mattia",VF Group - Bardiani CSF - Faizanè,1.0,0,0,0.0,Ja,
"Piras, Andrea",Toscana Factory Team Vini Fantini,1.0,0,0,0.0,Ja,
"Pithie, Laurence",Red Bull - BORA - hansgrohe,12.9,7,50,3.9,,Tommy
"Planckaert, Edward",Alpecin - Deceuninck,1.1,1,0,0.0,Ja,
"Plapp, Luke",Team Jayco AlUla,9.1,6,61,6.7,,"Chrelle, Hustlersen"
"Plowright, Jensen",Alpecin - Deceuninck,1.2,0,0,0.0,Ja,
"Pluimers, Rick",Tudor Pro Cycling Team,1.9,0,0,0.0,Ja,
"Plus, Laurens De",INEOS Grenadiers,5.5,0,0,0.0,,Okholm
"Poel, Mathieu van der",Alpecin - Deceuninck,28.0,0,0,0.0,,Jarma
"Poels, Wout",XDS Astana Team,4.9,0,0,0.0,,
"Pogačar, Tadej",UAE Emirates XRG,60.0,0,0,0.0,,"Chrelle, Hustlersen, Jappo, Jarma, Kenk, Knak, Okholm, Tommy, Visti"
"Polga, Antonio",Team Novo Nordisk,1.0,1,0,0.0,Ja,
"Poli, Umberto",Team Novo Nordisk,1.0,0,0,0.0,Ja,
"Politt, Nils",UAE Emirates XRG,7.0,0,0,0.0,,
"Pollefliet, Gianluca",Decathlon AG2R La Mondiale,1.8,0,0,0.0,Ja,
"Poole, Max",Team Picnic PostNL,8.7,0,0,0.0,,"Chrelle, Jarma"
"Pooter, Dries De",Intermarché - Wanty,1.1,7,1,0.9,Ja,
"Poppel, Danny van",Red Bull - BORA - hansgrohe,7.4,7,19,2.6,,
"Portsmouth, Tom",Wagner Bazin WB,1.0,1,0,0.0,Ja,
"Poucke, Aaron Van",Team Flanders - Baloise,1.0,0,0,0.0,Ja,
"Powless, Neilson",EF Education - EasyPost,11.4,0,0,0.0,,Jappo
"Prades, Eduard",Caja Rural - Seguros RGA,1.0,0,0,0.0,Ja,
"Price-Pejtersen, Johan",Alpecin - Deceuninck,1.2,0,0,0.0,Ja,
"Prodhomme, Nicolas",Decathlon AG2R La Mondiale,1.2,0,0,0.0,Ja,
"Puccio, Salvatore",INEOS Grenadiers,1.0,0,0,0.0,Ja,
"Quartucci, Lorenzo",Toscana Factory Team Vini Fantini,1.0,0,0,0.0,Ja,
"Quinn, Sean",EF Education - EasyPost,1.7,0,0,0.0,Ja,
"Quintana, Nairo",Movistar Team,3.9,0,0,0.0,,
"Raccagni, Andrea",Soudal - Quick-Step,1.0,7,4,4.0,Ja,
"Raccagni, Gabriele",Team Polti VisitMalta,1.0,0,0,0.0,Ja,
"Rafferty, Darren",EF Education - EasyPost,1.7,0,0,0.0,Ja,"Okholm, Tommy"
"Raisberg, Nadav",Israel - Premier Tech,1.0,0,0,0.0,Ja,
"Rajović, Dušan",Toscana Factory Team Vini Fantini,1.1,0,0,0.0,Ja,
"Reinderink, Pepijn",Soudal - Quick-Step,1.0,0,0,0.0,Ja,
"Reinders, Elmar",Team Jayco AlUla,1.1,5,0,0.0,Ja,
"Renard-Haquin, Henri-François",Wagner Bazin WB,1.0,5,0,0.0,Ja,
"Renard, Alexis",Cofidis,1.8,7,4,2.2,Ja,
"Resell, Erik",Uno-X Mobility,1.0,0,0,0.0,Ja,
"Retailleau, Valentin",TotalEnergies,1.1,0,0,0.0,Ja,
"Retegi, Mikel",Equipo Kern Pharma,1.3,0,0,0.0,Ja,
"Rex, Laurenz",Intermarché - Wanty,2.5,0,0,0.0,,"Chrelle, Jappo, Jarma, Kenk, Visti"
"Reynders, Jens",Wagner Bazin WB,1.0,5,0,0.0,Ja,
"Riccitello, Matthew",Israel - Premier Tech,8.2,0,0,0.0,,
"Rickaert, Jonas",Alpecin - Deceuninck,1.3,0,0,0.0,Ja,
"Ridolfo, Filippo",Team Novo Nordisk,1.0,1,0,0.0,Ja,
"Ries, Michel",Arkéa - BnB Hotels,1.0,0,0,0.0,Ja,
"Riesebeek, Oscar",Alpecin - Deceuninck,1.1,1,0,0.0,Ja,
"Rivera, Brandon",INEOS Grenadiers,2.9,0,0,0.0,,
"Robeet, Ludovic",Cofidis,1.0,0,0,0.0,Ja,
"Rochas, Rémy",Groupama - FDJ,2.7,7,45,16.7,,
"Rodriguez, Carlos",INEOS Grenadiers,24.0,1,3,0.1,,"Matti, Visti"
"Rodríguez, Cristian",Arkéa - BnB Hotels,5.8,6,0,0.0,,
"Rodríguez, Oscar",INEOS Grenadiers,1.9,0,0,0.0,Ja,
"Roglič, Primož",Red Bull - BORA - hansgrohe,37.8,0,0,0.0,,"Hustlersen, Knak"
"Rojas, Vicente",VF Group - Bardiani CSF - Faizanè,1.0,1,0,0.0,Ja,
"Rolando, Joann",Toscana Factory Team Vini Fantini,1.0,0,0,0.0,Ja,
"Rolland, Brieuc",Groupama - FDJ,1.1,0,0,0.0,Ja,Kenk
"Romele, Alessandro",XDS Astana Team,1.1,5,0,0.0,Ja,
"Romeo, Iván",Movistar Team,2.4,1,1,0.4,Ja,Matti
"Romo, Javier",Movistar Team,4.3,7,162,37.7,,
"Rondel, Mathys",Tudor Pro Cycling Team,1.3,0,0,0.0,Ja,
"Roosen, Timo",Team Picnic PostNL,1.0,0,0,0.0,Ja,
"Rootkin-Gray, Jack",EF Education - EasyPost,1.0,0,0,0.0,Ja,
"Rooy, Kenneth Van",Wagner Bazin WB,1.1,5,0,0.0,Ja,
"Rota, Lorenzo",Intermarché - Wanty,3.2,0,0,0.0,,
"Rouland, Louis",Arkéa - BnB Hotels,1.0,6,0,0.0,Ja,
"Rubio, Einer",Movistar Team,8.0,0,0,0.0,,
"Ruiz, Ibon",Equipo Kern Pharma,1.0,0,0,0.0,Ja,
"Russo, Clément",Groupama - FDJ,1.4,0,0,0.0,Ja,
"Rutsch, Jonas",Intermarché - Wanty,1.4,0,0,0.0,Ja,
"Ryan, Archie",EF Education - EasyPost,6.3,0,0,0.0,,
"Sainbayar, Jambaljamts",Burgos Burpellet BH,1.0,0,0,0.0,Ja,
"Samitier, Sergio",Cofidis,1.0,0,0,0.0,Ja,
"Samudio, Carlos",Toscana Factory Team Vini Fantini,1.0,0,0,0.0,Ja,
"Sanchez, Pelayo",Movistar Team,6.2,0,0,0.0,,
"Sande, Tosh Van der",Team Visma - Lease a Bike,1.1,0,0,0.0,Ja,
"Sbaragli, Kristian",Toscana Factory Team Vini Fantini,1.2,0,0,0.0,Ja,
"Scalco, Matteo",VF Group - Bardiani CSF - Faizanè,1.0,1,0,0.0,Ja,
"Scaroni, Christian",XDS Astana Team,3.8,0,0,0.0,,
"Schachmann, Maximilian",Soudal - Quick-Step,6.0,0,0,0.0,,"Jarma, Knak"
"Schelling, Ide",XDS Astana Team,3.2,7,0,0.0,,
"Schmid, Mauro",Team Jayco AlUla,7.0,7,70,10.0,,"Jarma, Visti"
"Schultz, Nick",Israel - Premier Tech,2.5,7,0,0.0,Ja,
"Schuyteneer, Steffen De",Lotto,1.7,0,0,0.0,Ja,
"Schwarzmann, Michael",Israel - Premier Tech,1.0,0,0,0.0,Ja,
"Scotson, Callum",Decathlon AG2R La Mondiale,1.3,0,0,0.0,Ja,
"Scotson, Miles",Arkéa - BnB Hotels,1.0,1,0,0.0,Ja,
"Segaert, Alec",Lotto,5.5,0,0,0.0,,"Knak, Tommy, Visti"
"Seixas, Paul",Decathlon AG2R La Mondiale,2.0,0,0,0.0,,Matti
"Sénéchal, Florian",Arkéa - BnB Hotels,3.3,0,0,0.0,,
"Sepúlveda, Eduardo",Lotto,1.1,0,0,0.0,Ja,
"Serrano, Gonzalo",Movistar Team,2.3,0,0,0.0,Ja,
"Serrano, Javi",Team Polti VisitMalta,1.1,0,0,0.0,Ja,
"Serry, Pieter",Soudal - Quick-Step,1.0,7,0,0.0,Ja,
"Sevilla, Diego Pablo",Team Polti VisitMalta,1.0,0,0,0.0,Ja,
"Shaw, James",EF Education - EasyPost,1.1,0,0,0.0,Ja,
"Sheehan, Riley",Israel - Premier Tech,4.6,1,0,0.0,,Okholm
"Sheffield, Magnus",INEOS Grenadiers,11.0,7,75,6.8,,Okholm
"Shmidt, Artem",INEOS Grenadiers,1.0,0,0,0.0,Ja,
"Silva, Thomas",Caja Rural - Seguros RGA,1.1,0,0,0.0,Ja,
"Simmons, Quinn",Lidl - Trek,4.0,0,0,0.0,,
"Sintmaartensdijk, Roel van",Intermarché - Wanty,1.0,0,0,0.0,Ja,
"Sivakov, Pavel",UAE Emirates XRG,8.9,1,0,0.0,,"Jarma, Okholm"
"Skaarseth, Anders",Uno-X Mobility,1.0,0,0,0.0,Ja,
"Skerl, Daniel",Bahrain Victorious,1.1,6,0,0.0,Ja,
"Skjelmose, Mattias",Lidl - Trek,24.9,0,0,0.0,,"Matti, Tommy"
"Skujins, Toms",Lidl - Trek,9.0,0,0,0.0,,
"Slock, Liam",Lotto,1.1,0,0,0.0,Ja,
"Smith, Dion",Intermarché - Wanty,1.8,7,0,0.0,Ja,
"Smith, Nathan",Team Novo Nordisk,1.0,1,0,0.0,Ja,
"Sobrero, Matteo",Red Bull - BORA - hansgrohe,3.9,1,0,0.0,,
"Soler, Marc",UAE Emirates XRG,7.7,6,0,0.0,,
"Sorarrain, Gorka",Caja Rural - Seguros RGA,1.0,5,0,0.0,Ja,
"Sosa, Ivan",Equipo Kern Pharma,2.4,1,5,2.1,Ja,
"Soto, Antonio",Equipo Kern Pharma,2.8,0,0,0.0,,
"Soupe, Geoffrey",TotalEnergies,1.3,0,0,0.0,Ja,
"Stannard, Robert",Bahrain Victorious,3.4,6,0,0.0,,
"Staune-Mittet, Johannes",Decathlon AG2R La Mondiale,2.3,0,0,0.0,,"Chrelle, Matti"
"Steimle, Jannik",Q36.5 Pro Cycling Team,1.1,1,0,0.0,Ja,
"Steinhauser, Georg",EF Education - EasyPost,5.0,0,0,0.0,,Hustlersen
"Stenico, Mattia",VF Group - Bardiani CSF - Faizanè,1.0,0,0,0.0,Ja,
"Stewart, Campbell",Team Jayco AlUla,1.6,7,1,0.6,Ja,
"Stewart, Jake",Israel - Premier Tech,2.6,1,0,0.0,,
"Stewart, Mark",Toscana Factory Team Vini Fantini,1.0,0,0,0.0,Ja,
"Stites, Tyler",Caja Rural - Seguros RGA,1.7,1,0,0.0,Ja,
"Stockman, Abram",Unibet Tietema Rockets,1.0,0,0,0.0,Ja,
"Stockwell, Oliver",Bahrain Victorious,1.0,5,0,0.0,Ja,
"Stokbro, Andreas",Unibet Tietema Rockets,1.0,0,0,0.0,Ja,
"Storer, Michael",Tudor Pro Cycling Team,9.1,0,0,0.0,,
"Stork, Florian",Tudor Pro Cycling Team,1.4,0,0,0.0,Ja,
"Strong, Corbin",Israel - Premier Tech,8.5,7,54,6.4,,"Knak, Visti"
"Stuyven, Jasper",Lidl - Trek,6.6,0,0,0.0,,
"Su, Haoyu",XDS Astana Team,1.0,0,0,0.0,Ja,
"Suter, Joel",Tudor Pro Cycling Team,1.2,0,0,0.0,Ja,
"Sütterlin, Jasha",Team Jayco AlUla,1.0,1,0,0.0,Ja,
"Sutton, Louis",Euskaltel - Euskadi,1.2,0,0,0.0,Ja,
"Svestad-Bårdseng, Embret",Arkéa - BnB Hotels,1.4,0,0,0.0,Ja,
"Svrček, Martin",Soudal - Quick-Step,1.1,0,0,0.0,Ja,
"Sweeny, Harry",EF Education - EasyPost,1.5,0,0,0.0,Ja,
"Swift, Ben",INEOS Grenadiers,1.1,7,12,10.9,Ja,
"Swift, Connor",INEOS Grenadiers,1.1,7,0,0.0,Ja,
"Taminiaux, Lionel",Lotto,2.2,0,0,0.0,Ja,
"Tarling, Josh",INEOS Grenadiers,8.1,0,0,0.0,,Chrelle
"Tarozzi, Manuele",VF Group - Bardiani CSF - Faizanè,1.3,0,0,0.0,Ja,
"Tejada, Harold",XDS Astana Team,4.2,0,0,0.0,,
"Tercero, Fernando",Team Polti VisitMalta,1.0,0,0,0.0,Ja,
"Tesfatsion, Natnael",Movistar Team,3.1,7,2,0.6,,
"Tesson, Jason",TotalEnergies,2.0,0,0,0.0,Ja,
"Teunissen, Mike",XDS Astana Team,4.2,0,0,0.0,,
"Teuns, Dylan",Cofidis,5.4,0,0,0.0,,Knak
"Teutenberg, Tim Torn",Lidl - Trek,2.1,7,48,22.9,,"Hustlersen, Kenk, Tommy"
"Thalmann, Roland",Tudor Pro Cycling Team,1.0,5,0,0.0,Ja,
"Theuns, Edward",Lidl - Trek,2.8,1,0,0.0,,
"Thierry, Pierre",Arkéa - BnB Hotels,1.0,0,0,0.0,Ja,
"Thijssen, Gerben",Intermarché - Wanty,5.4,1,0,0.0,,
"Thomas, Benjamin",Cofidis,1.8,0,0,0.0,Ja,
"Thomas, Geraint",INEOS Grenadiers,7.5,7,0,0.0,,
"Thompson, Reuben",Lotto,1.4,0,0,0.0,Ja,
"Tiberi, Antonio",Bahrain Victorious,22.6,0,0,0.0,,
"Tier, Floris De",Wagner Bazin WB,1.0,1,0,0.0,Ja,
"Tiller, Rasmus",Uno-X Mobility,4.2,0,0,0.0,,
"Tissières, Arnaud",Toscana Factory Team Vini Fantini,1.0,0,0,0.0,Ja,
"Tizza, Marco",Wagner Bazin WB,1.0,0,0,0.0,Ja,
"Tjøtta, Martin",Arkéa - BnB Hotels,1.0,6,0,0.0,Ja,
"Todome, Yuhi",EF Education - EasyPost,1.0,6,0,0.0,Ja,
"Tolio, Alex",VF Group - Bardiani CSF - Faizanè,1.0,0,0,0.0,Ja,
"Toneatti, Davide",XDS Astana Team,1.2,0,0,0.0,Ja,
"Tonelli, Alessandro",Team Polti VisitMalta,1.7,0,0,0.0,Ja,
"Torres, Albert",Movistar Team,1.0,0,0,0.0,Ja,
"Torres, Pablo",UAE Emirates XRG,4.9,6,0,0.0,,Jappo
"Toumire, Hugo",Cofidis,1.0,0,0,0.0,Ja,
"Toupalík, Adam",Unibet Tietema Rockets,1.1,0,0,0.0,Ja,
"Touzé, Damien",Cofidis,2.1,0,0,0.0,Ja,
"Townsend, Rory",Q36.5 Pro Cycling Team,1.1,1,0,0.0,Ja,
"Træen, Torstein",Bahrain Victorious,3.3,0,0,0.0,,
"Tratnik, Jan",Red Bull - BORA - hansgrohe,4.2,0,0,0.0,,
"Trentin, Matteo",Tudor Pro Cycling Team,5.9,0,0,0.0,,Knak
"Tricht, Stan Van",Alpecin - Deceuninck,2.1,0,0,0.0,Ja,
"Tronchon, Bastien",Decathlon AG2R La Mondiale,1.1,6,60,54.5,Ja,
"Tsarenko, Kyrylo",Toscana Factory Team Vini Fantini,1.0,0,0,0.0,Ja,
"Tu, Sergio",Bahrain Victorious,1.0,0,0,0.0,Ja,
"Tulett, Ben",Team Visma - Lease a Bike,3.3,0,0,0.0,,
"Turconi, Filippo",VF Group - Bardiani CSF - Faizanè,1.0,0,0,0.0,Ja,
"Turgis, Anthony",TotalEnergies,3.5,0,0,0.0,,
"Turner, Ben",INEOS Grenadiers,3.7,0,0,0.0,,
"Tuuk, Danny van der",Euskaltel - Euskadi,1.0,0,0,0.0,Ja,
"Uden, Casper van",Team Picnic PostNL,4.8,5,0,0.0,,
"Uhlig, Henri",Alpecin - Deceuninck,2.1,7,25,11.9,,Hustlersen
"Uijtdebroeks, Cian",Team Visma - Lease a Bike,10.5,0,0,0.0,,Hustlersen
"Ulissi, Diego",XDS Astana Team,4.5,0,0,0.0,,Knak
"Uriarte, Diego",Equipo Kern Pharma,1.0,6,14,14.0,Ja,
"Vacek, Mathias",Lidl - Trek,10.2,1,0,0.0,,Okholm
"Vader, Milan",Q36.5 Pro Cycling Team,3.7,1,0,0.0,,
"Vadic, Baptiste",TotalEnergies,1.0,0,0,0.0,Ja,
"Valgren, Michael",EF Education - EasyPost,3.0,0,0,0.0,,
"Valter, Attila",Team Visma - Lease a Bike,5.8,0,0,0.0,,
"Vandenabeele, Henri",Lotto,1.1,0,0,0.0,Ja,
"Vandenbranden, Noah",Team Flanders - Baloise,1.0,0,0,0.0,Ja,
"Vandenstorme, Dylan",Team Flanders - Baloise,1.0,0,0,0.0,Ja,
"Vandevelde, Yentl",Team Flanders - Baloise,1.0,0,0,0.0,Ja,
"Vangheluwe, Warre",Soudal - Quick-Step,2.9,5,0,0.0,,
"Vanhoof, Ward",Team Flanders - Baloise,1.0,0,0,0.0,Ja,
"Vanhoucke, Harm",Q36.5 Pro Cycling Team,1.9,0,0,0.0,Ja,
"Vansevenant, Mauri",Soudal - Quick-Step,8.4,0,0,0.0,,
"Vauquelin, Kévin",Arkéa - BnB Hotels,10.1,0,0,0.0,,
"Veistroffer, Baptiste",Lotto,1.0,0,0,0.0,Ja,
"Velasco, Simone",XDS Astana Team,2.8,0,0,0.0,,
"Vendrame, Andrea",Decathlon AG2R La Mondiale,5.0,6,0,0.0,,
"Venturini, Clément",Arkéa - BnB Hotels,1.8,0,0,0.0,Ja,
"Vercher, Mattéo",TotalEnergies,1.9,0,0,0.0,Ja,
"Vercouillie, Victor",Team Flanders - Baloise,1.0,0,0,0.0,Ja,
"Vergaerde, Otto",Lidl - Trek,1.0,0,0,0.0,Ja,
"Vergallito, Luca",Alpecin - Deceuninck,1.6,0,0,0.0,Ja,
"Vermaerke, Kevin",Team Picnic PostNL,7.4,0,0,0.0,,
"Vermeersch, Florian",UAE Emirates XRG,3.9,0,0,0.0,,"Kenk, Visti"
"Vermeersch, Gianni",Alpecin - Deceuninck,3.0,1,0,0.0,,
"Vermoote, Jelle",Wagner Bazin WB,1.0,0,0,0.0,Ja,
"Vermote, Julien",Team Visma - Lease a Bike,1.0,6,0,0.0,Ja,
"Vernon, Ethan",Israel - Premier Tech,6.5,1,0,0.0,,
"Verona, Carlos",Lidl - Trek,2.6,0,0,0.0,,
"Verrando, Luca",Toscana Factory Team Vini Fantini,1.0,0,0,0.0,Ja,
"Verre, Alessandro",Arkéa - BnB Hotels,1.2,6,0,0.0,Ja,
"Verschuren, Killian",Unibet Tietema Rockets,1.0,0,0,0.0,Ja,
"Verstrynge, Emiel",Alpecin - Deceuninck,1.0,0,0,0.0,Ja,
"Vervaeke, Louis",Soudal - Quick-Step,1.2,0,0,0.0,Ja,
"Villa, Giacomo",Wagner Bazin WB,1.0,0,0,0.0,Ja,
"Vine, Jay",UAE Emirates XRG,8.2,6,20,2.4,,
"Vingegaard, Jonas",Team Visma - Lease a Bike,42.2,0,0,0.0,,"Chrelle, Hustlersen, Jappo, Jarma, Kenk, Knak, Matti, Okholm, Tommy, Visti"
"Vinokurov, Nicolas",XDS Astana Team,1.0,5,0,0.0,Ja,
"Vlasov, Aleksandr",Red Bull - BORA - hansgrohe,21.3,1,0,0.0,,
"Vliegen, Loïc",Wagner Bazin WB,1.0,1,0,0.0,Ja,
"Voisard, Yannis",Tudor Pro Cycling Team,2.3,5,4,1.7,Ja,
"Vries, Hartthijs de",Unibet Tietema Rockets,1.1,0,0,0.0,Ja,
"Vylder, Lindsay De",Team Flanders - Baloise,1.0,0,0,0.0,Ja,
"Wærenskjold, Søren",Uno-X Mobility,6.5,0,0,0.0,,
"Walker, Max",EF Education - EasyPost,1.0,7,0,0.0,Ja,
"Wallin, Rasmus Bøgh",Uno-X Mobility,1.0,5,0,0.0,Ja,
"Walls, Matthew",Groupama - FDJ,1.2,7,23,19.2,Ja,
"Walscheid, Max",Team Jayco AlUla,3.1,5,5,1.6,,
"Wandahl, Frederik",Red Bull - BORA - hansgrohe,1.4,1,0,0.0,Ja,"Kenk, Tommy"
"Warbasse, Larry",Tudor Pro Cycling Team,1.0,0,0,0.0,Ja,
"Warlop, Jordi",Soudal - Quick-Step,1.1,5,0,0.0,Ja,
"Watelle, Celestin",Team Novo Nordisk,1.0,0,0,0.0,Ja,
"Watson, Samuel",INEOS Grenadiers,1.5,7,20,13.3,,Tommy
"Weemaes, Sasha",Wagner Bazin WB,1.1,5,4,3.6,Ja,
"Weiss, Fabian",Tudor Pro Cycling Team,1.2,0,0,0.0,Ja,
"Wellens, Tim",UAE Emirates XRG,11.1,0,0,0.0,,
"Welsford, Sam",Red Bull - BORA - hansgrohe,6.4,7,75,11.7,,"Chrelle, Hustlersen, Tommy"
"Welten, Bram",Team Picnic PostNL,2.0,0,0,0.0,Ja,
"Wenzel, Mats",Equipo Kern Pharma,1.0,0,0,0.0,Ja,
"Wilder, Ilan Van",Soudal - Quick-Step,10.8,0,0,0.0,,Chrelle
"Wilksch, Hannes",Tudor Pro Cycling Team,1.0,0,0,0.0,Ja,
"Williams, Stevie",Israel - Premier Tech,10.9,7,0,0.0,,
"Wirtgen, Luc",Tudor Pro Cycling Team,1.0,0,0,0.0,Ja,
"Withen Philipsen, Albert",Lidl - Trek,1.1,7,22,20.0,,"Chrelle, Hustlersen, Jappo, Kenk, Knak, Matti, Okholm, Tommy"
"Woods, Michael",Israel - Premier Tech,6.9,7,45,6.5,,
"Wright, Fred",Bahrain Victorious,6.5,0,0,0.0,,
"Wynkele, Lorenz Van de",Lotto,1.1,0,0,0.0,Ja,
"Yates, Adam",UAE Emirates XRG,24.7,0,0,0.0,,
"Yates, Simon",Team Visma - Lease a Bike,14.9,0,0,0.0,,Okholm
"Zambanini, Edoardo",Bahrain Victorious,7.3,1,0,0.0,,
"Zana, Filippo",Team Jayco AlUla,5.7,1,0,0.0,,
"Zanoncello, Enrico",VF Group - Bardiani CSF - Faizanè,1.4,0,0,0.0,Ja,
"Zijlaard, Maikel",Tudor Pro Cycling Team,1.9,5,10,5.3,Ja,
"Zimmermann, Georg",Intermarché - Wanty,4.0,7,6,1.5,,
"Zingle, Axel",Team Visma - Lease a Bike,6.1,0,0,0.0,,"Tommy, Visti"
"Zoccarato, Samuele",Team Polti VisitMalta,1.0,1,0,0.0,Ja,
"Zubeldia, Unai",Euskaltel - Euskadi,1.0,0,0,0.0,Ja,
"Zukowsky, Nick",Q36.5 Pro Cycling Team,1.0,5,0,0.0,Ja,
"Zwiehoff, Ben",Red Bull - BORA - hansgrohe,2.2,7,0,0.0,Ja,
