RiderName,RiderTeam,RiderPrice,RiderName_PCS,Points,PointsPerMillion,CheapoEligible
"Welsford, Sam",Red Bull - BORA - hansgrohe,6.4,WELSFORD Sam,50,7.81,N
"Coquard, Bryan",Cofidis,7.5,COQUARD Bryan,41,5.47,N
"Narváez, Jhonatan",UAE Emirates XRG,13.6,NARVÁEZ Jhonatan,36,2.65,N
"Teutenberg, Tim Torn",Lidl - Trek,2.1,TEUTENBERG Tim Torn,34,16.19,Y
"Bauhaus, Phil",Bahrain Victorious,10.3,BAUHAUS Phil,26,2.52,N
"Romo, Javier",Movistar Team,4.3,ROMO Javier,25,5.81,N
"Andresen, Tobias Lund",Team Picnic PostNL,4.4,ANDRESEN Tobias Lund,24,5.45,N
"Strong, Corbin",Israel - Premier Tech,8.5,STRONG Corbin,22,2.59,N
"Watson, Samuel",INEOS Grenadiers,1.5,WATSON Samuel,20,13.33,Y
"Marit, Arne",Intermarché - Wanty,2.5,MARIT Arne,20,8.00,N
"Brennan, Matthew",Team Visma - Lease a Bike,2.9,BRENNAN Matthew,20,6.90,N
"Walls, Matthew",Groupama - FDJ,1.2,WALLS Matthew,19,15.83,Y
"Fisher-Black, Finn",Red Bull - BORA - hansgrohe,7.8,FISHER-BLACK Finn,16,2.05,N
"Uhlig, Henri",Alpecin - Deceuninck,2.1,UHLIG Henri,15,7.14,Y
"Withen Philipsen, Albert",Lidl - Trek,1.1,WITHEN PHILIPSEN Albert,14,12.73,Y
"Swift, Ben",INEOS Grenadiers,1.1,SWIFT Ben,12,10.91,Y
"Gloag, Thomas",Team Visma - Lease a Bike,3.2,GLOAG Thomas,12,3.75,N
"Dehairs, Simon",Alpecin - Deceuninck,1.4,DEHAIRS Simon,10,7.14,Y
"Konrad, Patrick",Lidl - Trek,3.2,KONRAD Patrick,10,3.13,N
"Bagioli, Andrea",Lidl - Trek,7.1,BAGIOLI Andrea,8,1.13,N
"Tronchon, Bastien",Decathlon AG2R La Mondiale,1.1,TRONCHON Bastien,6,5.45,Y
"Oliveira, Rui",UAE Emirates XRG,2.2,OLIVEIRA Rui,6,2.73,Y
"Renard, Alexis",Cofidis,1.8,RENARD Alexis,4,2.22,Y
"Rochas, Rémy",Groupama - FDJ,2.7,ROCHAS Rémy,4,1.48,N
"Mosca, Jacopo",Lidl - Trek,1.1,MOSCA Jacopo,3,2.73,Y
"Godon, Dorian",Decathlon AG2R La Mondiale,6.4,GODON Dorian,3,0.47,N
"Sheffield, Magnus",INEOS Grenadiers,11.0,SHEFFIELD Magnus,3,0.27,N
"Askey, Lewis",Groupama - FDJ,3.8,ASKEY Lewis,2,0.53,N
"Plapp, Luke",Team Jayco AlUla,9.1,PLAPP Luke,2,0.22,N
"Raccagni, Andrea",Soudal - Quick-Step,1.0,RACCAGNI NOVIERO Andrea,1,1.00,Y
"Pooter, Dries De",Intermarché - Wanty,1.1,DE POOTER Dries,1,0.91,Y
"Higuita, Sergio",XDS Astana Team,7.6,HIGUITA Sergio,1,0.13,N
"Fuentes, Angel",Burgos Burpellet BH,1.0,FUENTES Ángel,0,0.00,Y
"Holter, Ådne",Uno-X Mobility,1.0,HOLTER Ådne,0,0.00,Y
"Angulo, Antonio",Burgos Burpellet BH,1.0,ANGULO Antonio,0,0.00,Y
"Arriolabengoa, Julen",Caja Rural - Seguros RGA,1.0,ARRIOLA-BENGOA Julen,0,0.00,Y
"Balderstone, Abel",Caja Rural - Seguros RGA,1.0,BALDERSTONE Abel,0,0.00,Y
"Balmer, Alexandre",Toscana Factory Team Vini Fantini,1.0,BALMER Alexandre,0,0.00,Y
"Bastiaens, Ayco",Soudal - Quick-Step,1.0,BASTIAENS Ayco,0,0.00,Y
"Brunel, Alexys",TotalEnergies,1.0,BRUNEL Alexys,0,0.00,Y
"Buttigieg, Aidan",Team Polti VisitMalta,1.0,BUTTIGIEG Aidan,0,0.00,Y
"Colman, Alex",Team Flanders - Baloise,1.0,COLMAN Alex,0,0.00,Y
"Delaplace, Anthony",Arkéa - BnB Hotels,1.0,DELAPLACE Anthony,0,0.00,Y
"Diaz, Alex",Caja Rural - Seguros RGA,1.0,DIAZ Alex,0,0.00,Y
"Edmondson, Alex",Team Picnic PostNL,1.0,EDMONDSON Alex,0,0.00,Y
"Ganzabal, Ander",Euskaltel - Euskadi,1.0,GANZABAL Ander,0,0.00,Y
"Hellemose, Asbjørn",Team Jayco AlUla,1.0,HELLEMOSE Asbjørn,0,0.00,Y
"Huens, Axel",Unibet Tietema Rockets,1.0,HUENS Axel,0,0.00,Y
"Ibañez, Javier",Caja Rural - Seguros RGA,1.0,IBAÑEZ Javier,0,0.00,Y
"Iacchi, Alessandro",Toscana Factory Team Vini Fantini,1.0,IACCHI Alessandro,0,0.00,Y
"Jansen, Amund Grøndahl",Uno-X Mobility,1.0,JANSEN Amund Grøndahl,0,0.00,Y
"Johannessen, Anders",Uno-X Mobility,1.0,JOHANNESSEN Anders Halland,0,0.00,Y
"Jousseaume, Alan",TotalEnergies,1.0,JOUSSEAUME Alan,0,0.00,Y
"Kluckers, Arthur",Tudor Pro Cycling Team,1.0,KLUCKERS Arthur,0,0.00,Y
"Mackellar, Alastair",EF Education - EasyPost,1.0,MACKELLAR Alastair,0,0.00,Y
"Maire, Adrien",Unibet Tietema Rockets,1.0,MAIRE Adrien,0,0.00,Y
"Martinelli, Alessio",VF Group - Bardiani CSF - Faizanè,1.0,MARTINELLI Alessio,0,0.00,Y
"Mikutis, Aivaras",Tudor Pro Cycling Team,1.0,MIKUTIS Aivaras,0,0.00,Y
"Montagner, Andrea",VF Group - Bardiani CSF - Faizanè,1.0,MONTAGNER Andrea,0,0.00,Y
"Muller, Anton",Team Novo Nordisk,1.0,MULLER Anton,0,0.00,Y
"Okamika, Ander",Burgos Burpellet BH,1.0,OKAMIKA Ander,0,0.00,Y
"Palzer, Anton",Red Bull - BORA - hansgrohe,1.0,PALZER Anton,0,0.00,Y
"Perez, Anthony",Cofidis,1.0,PEREZ Anthony,0,0.00,Y
"Peron, Andrea",Team Novo Nordisk,1.0,PERON Andrea,0,0.00,Y
"Perracchione, Alessandro",Team Novo Nordisk,1.0,PERRACCHIONE Alessandro,0,0.00,Y
"Petit, Adrien",Intermarché - Wanty,1.0,PETIT Adrien,0,0.00,Y
"Piras, Andrea",Toscana Factory Team Vini Fantini,1.0,PIRAS Andrea,0,0.00,Y
"Polga, Antonio",Team Novo Nordisk,1.0,POLGA Antonio,0,0.00,Y
"Shmidt, Artem",INEOS Grenadiers,1.0,SHMIDT Artem,0,0.00,Y
"Skaarseth, Anders",Uno-X Mobility,1.0,SKAARSETH Anders,0,0.00,Y
"Stockman, Abram",Unibet Tietema Rockets,1.0,STOCKMAN Abram,0,0.00,Y
"Stokbro, Andreas",Unibet Tietema Rockets,1.0,STOKBRO Andreas,0,0.00,Y
"Tolio, Alex",VF Group - Bardiani CSF - Faizanè,1.0,TOLIO Alex,0,0.00,Y
"Torres, Albert",Movistar Team,1.0,TORRES Albert,0,0.00,Y
"Petegem, Axandre Van",Wagner Bazin WB,1.0,VAN PETEGEM Axandre,0,0.00,Y
"Poucke, Aaron Van",Team Flanders - Baloise,1.0,VAN POUCKE Aaron,0,0.00,Y
"Camprubi, Marcel",Q36.5 Pro Cycling Team,1.0,CAMPRUBÍ Marcel,0,0.00,Y
"Deman, Bream",Team Flanders - Baloise,1.0,DEMAN Brem,0,0.00,Y
"Huyet, Baptiste",Unibet Tietema Rockets,1.0,HUYET Baptiste,0,0.00,Y
"Koerdt, Bjoern",Team Picnic PostNL,1.0,KOERDT Bjoern,0,0.00,Y
"McDonald, Bailey",Team Novo Nordisk,1.0,MCDONALD Bailey,0,0.00,Y
"Vadic, Baptiste",TotalEnergies,1.0,VADIC Baptiste,0,0.00,Y
"Veistroffer, Baptiste",Lotto,1.0,VEISTROFFER Baptiste,0,0.00,Y
"Alleno, Clément",Burgos Burpellet BH,1.0,ALLENO Clément,0,0.00,Y
"Christophersen, Cedrik",Unibet Tietema Rockets,1.0,CHRISTOPHERSEN Cedrik Bakke,0,0.00,Y
"Davy, Clément",Groupama - FDJ,1.0,DAVY Clément,0,0.00,Y
"Desal, Cériel",Wagner Bazin WB,1.0,DESAL Ceriel,0,0.00,Y
"García, Carlos",Burgos Burpellet BH,1.0,GARCÍA PIERNA Carlos,0,0.00,Y
"García, Pablo",Team Polti VisitMalta,1.0,GARCÍA Pablo,0,0.00,Y
"Izquierdo, Clément",Cofidis,1.0,IZQUIERDO Clément,0,0.00,Y
"Johnston, Calum",Caja Rural - Seguros RGA,1.0,JOHNSTON Calum,0,0.00,Y
"Paige, Charles",Unibet Tietema Rockets,1.0,PAIGE Charles,0,0.00,Y
"Samudio, Carlos",Toscana Factory Team Vini Fantini,1.0,SAMUDIO Carlos,0,0.00,Y
"Watelle, Celestin",Team Novo Nordisk,1.0,WATTELLE Célestin,0,0.00,Y
"Babor, Daniel",Caja Rural - Seguros RGA,1.0,BABOR Daniel,0,0.00,Y
"Baldaccini, Davide",Toscana Factory Team Vini Fantini,1.0,BALDACCINI Davide,0,0.00,Y
"Cavia, Daniel",Burgos Burpellet BH,1.0,CAVIA Daniel,0,0.00,Y
"Delgado, David",Burgos Burpellet BH,1.0,DELGADO David,0,0.00,Y
"Irvine, Declan",Team Novo Nordisk,1.0,IRVINE Declan,0,0.00,Y
"Lozano, David",Team Novo Nordisk,1.0,LOZANO David,0,0.00,Y
"Martín, David",Burgos Burpellet BH,1.0,MARTIN David,0,0.00,Y
"Novak, Domen",UAE Emirates XRG,1.0,NOVAK Domen,0,0.00,Y
"Percrule, Doriand",Team Novo Nordisk,1.0,PERCRULE Doriand,0,0.00,Y
"Pescador, Diego",Movistar Team,1.0,PESCADOR Diego,0,0.00,Y
"Renard-Haquin, Henri-François",Wagner Bazin WB,1.0,RENARD-HAQUIN Henri-François,0,0.00,Y
"Sevilla, Diego Pablo",Team Polti VisitMalta,1.0,SEVILLA Diego Pablo,0,0.00,Y
"Uriarte, Diego",Equipo Kern Pharma,1.0,URIARTE Diego,0,0.00,Y
"Tuuk, Danny van der",Euskaltel - Euskadi,1.0,VAN DER TUUK Danny,0,0.00,Y
"Vandenstorme, Dylan",Team Flanders - Baloise,1.0,VANDENSTORME Dylan,0,0.00,Y
"Peñuela, Francisco",Caja Rural - Seguros RGA,1.0,PEÑUELA Francisco Joel,0,0.00,Y
"Azparren, Enekoitz",Q36.5 Pro Cycling Team,1.0,AZPARREN Enekoitz,0,0.00,Y
"Cruz, Edward",VF Group - Bardiani CSF - Faizanè,1.0,CRUZ Edward,0,0.00,Y
"Guardeño, Jaume",Caja Rural - Seguros RGA,1.0,GUARDEÑO Jaume,0,0.00,Y
"Herreño, Martin",VF Group - Bardiani CSF - Faizanè,1.0,HERREÑO Martin Santiago,0,0.00,Y
"Le Huitouze, Eddy",Groupama - FDJ,1.0,LE HUITOUZE Eddy,0,0.00,Y
"Leijnse, Enzo",Team Picnic PostNL,1.0,LEIJNSE Enzo,0,0.00,Y
"Maris, Elias",Team Flanders - Baloise,1.0,MARIS Elias,0,0.00,Y
"Prades, Eduard",Caja Rural - Seguros RGA,1.0,PRADES Eduard,0,0.00,Y
"Resell, Erik",Uno-X Mobility,1.0,RESELL Erik Nordsæter,0,0.00,Y
"Verstrynge, Emiel",Alpecin - Deceuninck,1.0,VERSTRYNGE Emiel,0,0.00,Y
"Biagini, Frederico",VF Group - Bardiani CSF - Faizanè,1.0,BIAGINI Federico,0,0.00,Y
"Tier, Floris De",Wagner Bazin WB,1.0,DE TIER Floris,0,0.00,Y
"Dversnes, Fredrik",Uno-X Mobility,1.0,DVERSNES Fredrik,0,0.00,Y
"Fortin, Filippo",Toscana Factory Team Vini Fantini,1.0,FORTIN Filippo,0,0.00,Y
"Grellier, Fabien",TotalEnergies,1.0,GRELLIER Fabien,0,0.00,Y
"Maciejuk, Filip",Red Bull - BORA - hansgrohe,1.0,MACIEJUK Filip,0,0.00,Y
"Meo, Felix James",Toscana Factory Team Vini Fantini,1.0,MEO Felix James,0,0.00,Y
"Ridolfo, Filippo",Team Novo Nordisk,1.0,RIDOLFO Filippo,0,0.00,Y
"Tercero, Fernando",Team Polti VisitMalta,1.0,TERCERO Fernando,0,0.00,Y
"Turconi, Filippo",VF Group - Bardiani CSF - Faizanè,1.0,TURCONI Filippo,0,0.00,Y
"Bossche, Fabio Van den",Alpecin - Deceuninck,1.0,VAN DEN BOSSCHE Fabio,0,0.00,Y
"Bouglas, Georgios",Burgos Burpellet BH,1.0,BOUGLAS Georgios,0,0.00,Y
"Fagúndez, Eric",Burgos Burpellet BH,1.0,FAGÚNDEZ Eric Antonio,0,0.00,Y
"Kuypers, Gerben",Intermarché - Wanty,1.0,KUYPERS Gerben,0,0.00,Y
"Raccagni, Gabriele",Team Polti VisitMalta,1.0,RACCAGNI Gabriele,0,0.00,Y
"Sorarrain, Gorka",Caja Rural - Seguros RGA,1.0,SORARRAIN Gorka,0,0.00,Y
"Villa, Giacomo",Wagner Bazin WB,1.0,VILLA Giacomo,0,0.00,Y
"Armitt, Hamish",Team Novo Nordisk,1.0,ARMITT Hamish,0,0.00,Y
"Aznar, Hugo",Equipo Kern Pharma,1.0,AZNAR Hugo,0,0.00,Y
"Beadle, Hamish",Team Novo Nordisk,1.0,BEADLE Hamish,0,0.00,Y
"De La Calle, Hugo",Burgos Burpellet BH,1.0,DE LA CALLE Hugo,0,0.00,Y
"Debeaumarché, Nicolas",Cofidis,1.0,DEBEAUMARCHÉ Nicolas,0,0.00,Y
"Etxeberria, Haimar",Equipo Kern Pharma,1.0,ETXEBERRIA Haimar,0,0.00,Y
"Su, Haoyu",XDS Astana Team,1.0,SU Haoyu,0,0.00,Y
"Toumire, Hugo",Cofidis,1.0,TOUMIRE Hugo,0,0.00,Y
"Wilksch, Hannes",Tudor Pro Cycling Team,1.0,WILKSCH Hannes,0,0.00,Y
"Azanza, Ibai",Equipo Kern Pharma,1.0,AZANZA Ibai,0,0.00,Y
"Bonillo, Iker",Euskaltel - Euskadi,1.0,BONILLO Iker,0,0.00,Y
"Cobo, Iván",Equipo Kern Pharma,1.0,COBO Iván,0,0.00,Y
"Elosegui, Iñigo",Equipo Kern Pharma,1.0,ELOSEGUI Iñigo,0,0.00,Y
"Gutiérrez, Jorge",Equipo Kern Pharma,1.0,GUTIÉRREZ Jorge,0,0.00,Y
"Miholjević, Fran",Bahrain Victorious,1.0,MIHOLJEVIĆ Fran,0,0.00,Y
"Mintegi, Iker",Euskaltel - Euskadi,1.0,MINTEGI Iker,0,0.00,Y
"Ruiz, Ibon",Equipo Kern Pharma,1.0,RUIZ Ibon,0,0.00,Y
"Tissières, Arnaud",Toscana Factory Team Vini Fantini,1.0,TISSIÈRES Arnaud,0,0.00,Y
"Durić, Dorđe",Toscana Factory Team Vini Fantini,1.0,ĐURIĆ Đorđe,0,0.00,Y
"Tjøtta, Martin",Arkéa - BnB Hotels,1.0,TJØTTA Martin,0,0.00,Y
"Agirre, Jon",Euskaltel - Euskadi,1.0,AGIRRE Jon,0,0.00,Y
"Arcas, Jorge",Movistar Team,1.0,ARCAS Jorge,0,0.00,Y
"Baguelin, Jocelyn",Wagner Bazin WB,1.0,BAGUELIN Jocelyn,0,0.00,Y
"Bloem, Joren",Unibet Tietema Rockets,1.0,BLOEM Joren,0,0.00,Y
"Burnett, Josh",Burgos Burpellet BH,1.0,BURNETT Josh,0,0.00,Y
"Castellon, Jan",Caja Rural - Seguros RGA,1.0,CASTELLON Jan,0,0.00,Y
"Colladon, Jacopo",Team Novo Nordisk,1.0,COLLADON Jacopo,0,0.00,Y
"Dejaegher, Jasper",Team Flanders - Baloise,1.0,DEJAEGHER Jasper,0,0.00,Y
"Eriksson, Jacob",Tudor Pro Cycling Team,1.0,ERIKSSON Jacob,0,0.00,Y
"Faura, Jose Luis",Burgos Burpellet BH,1.0,FAURA Jose Luis,0,0.00,Y
"Geens, Jonas",Team Flanders - Baloise,1.0,GEENS Jonas,0,0.00,Y
"Hvideberg, Jonas",Uno-X Mobility,1.0,HVIDEBERG Jonas Iversby,0,0.00,Y
"Jacobs, Johan",Groupama - FDJ,1.0,JACOBS Johan,0,0.00,Y
"Janssens, Jimmy",Alpecin - Deceuninck,1.0,JANSSENS Jimmy,0,0.00,Y
"Johannink, Jelle",Unibet Tietema Rockets,1.0,JOHANNINK Jelle,0,0.00,Y
"Maas, Jan",Cofidis,1.0,MAAS Jan,0,0.00,Y
"Meens, Johan",Wagner Bazin WB,1.0,MEENS Johan,0,0.00,Y
"Murguialday, Jokin",Euskaltel - Euskadi,1.0,MURGUIALDAY Jokin,0,0.00,Y
"Nicolau, Joel",Caja Rural - Seguros RGA,1.0,NICOLAU Joel,0,0.00,Y
"Reynders, Jens",Wagner Bazin WB,1.0,REYNDERS Jens,0,0.00,Y
"Rolando, Joann",Toscana Factory Team Vini Fantini,1.0,ROLANDO Joann,0,0.00,Y
"Sainbayar, Jambaljamts",Burgos Burpellet BH,1.0,SAINBAYAR Jambaljamts,0,0.00,Y
"Vermoote, Jelle",Wagner Bazin WB,1.0,VERMOOTE Jelle,0,0.00,Y
"Vermote, Julien",Team Visma - Lease a Bike,1.0,VERMOTE Julien,0,0.00,Y
"Gradek, Kamil",Bahrain Victorious,1.0,GRADEK Kamil,0,0.00,Y
"Inkelaar, Kevin",Unibet Tietema Rockets,1.0,INKELAAR Kevin,0,0.00,Y
"Tsarenko, Kyrylo",Toscana Factory Team Vini Fantini,1.0,TSARENKO Kyrylo,0,0.00,Y
"Verschuren, Killian",Unibet Tietema Rockets,1.0,VERSCHUREN Killian,0,0.00,Y
"Boniface, Lucas",TotalEnergies,1.0,BONIFACE Lucas,0,0.00,Y
"Conforti, Lorenzo",VF Group - Bardiani CSF - Faizanè,1.0,CONFORTI Lorenzo,0,0.00,Y
"Craps, Lars",Lotto,1.0,CRAPS Lars,0,0.00,Y
"Currie, Logan",Lotto,1.0,CURRIE Logan,0,0.00,Y
"Dauge, Lucas",Team Novo Nordisk,1.0,DAUGE Lucas,0,0.00,Y
"Meester, Luca De",Wagner Bazin WB,1.0,DE MEESTER Luca,0,0.00,Y
"Vylder, Lindsay De",Team Flanders - Baloise,1.0,DE VYLDER Lindsay,0,0.00,Y
"Eriksson, Lucas",Tudor Pro Cycling Team,1.0,ERIKSSON Lucas,0,0.00,Y
"Juul-Jensen, Chris",Team Jayco AlUla,1.0,JUUL-JENSEN Christopher,0,0.00,Y
"Lozouet, Léandre",Arkéa - BnB Hotels,1.0,LOZOUET Léandre,0,0.00,Y
"Matthys, Louka",Wagner Bazin WB,1.0,MATTHYS Louka,0,0.00,Y
"Paletti, Luca",VF Group - Bardiani CSF - Faizanè,1.0,PALETTI Luca,0,0.00,Y
"Phippen, Logan",Team Novo Nordisk,1.0,PHIPPEN Logan,0,0.00,Y
"Quartucci, Lorenzo",Toscana Factory Team Vini Fantini,1.0,QUARTUCCI Lorenzo,0,0.00,Y
"Robeet, Ludovic",Cofidis,1.0,ROBEET Ludovic,0,0.00,Y
"Rouland, Louis",Arkéa - BnB Hotels,1.0,ROULAND Louis,0,0.00,Y
"Belle, Loe van",Team Visma - Lease a Bike,1.0,VAN BELLE Loe,0,0.00,Y
"Boven, Luca Van",Intermarché - Wanty,1.0,VAN BOVEN Luca,0,0.00,Y
"Berg, Lars van den",Groupama - FDJ,1.0,VAN DEN BERG Lars,0,0.00,Y
"Verrando, Luca",Toscana Factory Team Vini Fantini,1.0,VERRANDO Luca,0,0.00,Y
"Vliegen, Loïc",Wagner Bazin WB,1.0,VLIEGEN Loïc,0,0.00,Y
"Warbasse, Larry",Tudor Pro Cycling Team,1.0,WARBASSE Larry,0,0.00,Y
"Wirtgen, Luc",Tudor Pro Cycling Team,1.0,WIRTGEN Luc,0,0.00,Y
"Kmínek, Vojtěch",Burgos Burpellet BH,1.0,KMÍNEK Vojtěch,0,0.00,Y
"Aparicio, Mario",Burgos Burpellet BH,1.0,APARICIO Mario,0,0.00,Y
"Bais, Mattia",Team Polti VisitMalta,1.0,BAIS Mattia,0,0.00,Y
"Dina, Márton",Euskaltel - Euskadi,1.0,DINA Márton,0,0.00,Y
"Gogl, Michael",Alpecin - Deceuninck,1.0,GOGL Michael,0,0.00,Y
"Heming, Miká",Tudor Pro Cycling Team,1.0,HEMING Miká,0,0.00,Y
"Kulset, Magnus",Uno-X Mobility,1.0,KULSET Magnus,0,0.00,Y
"Lambrecht, Michiel",Wagner Bazin WB,1.0,LAMBRECHT Michiel,0,0.00,Y
"Lanhove, Milan",Team Flanders - Baloise,1.0,LANHOVE Milan,0,0.00,Y
"Leonard, Michael",INEOS Grenadiers,1.0,LEONARD Michael,0,0.00,Y
"Moro, Manlio",Movistar Team,1.0,MORO Manlio,0,0.00,Y
"Paasschens, Mathijs",Bahrain Victorious,1.0,PAASSCHENS Mathijs,0,0.00,Y
"Pinazzi, Mattia",VF Group - Bardiani CSF - Faizanè,1.0,PINAZZI Mattia,0,0.00,Y
"Ries, Michel",Arkéa - BnB Hotels,1.0,RIES Michel,0,0.00,Y
"Scalco, Matteo",VF Group - Bardiani CSF - Faizanè,1.0,SCALCO Matteo,0,0.00,Y
"Schwarzmann, Michael",Israel - Premier Tech,1.0,SCHWARZMANN Michael,0,0.00,Y
"Scotson, Miles",Arkéa - BnB Hotels,1.0,SCOTSON Miles,0,0.00,Y
"Stenico, Mattia",VF Group - Bardiani CSF - Faizanè,1.0,STENICO Mattia,0,0.00,Y
"Stewart, Mark",Toscana Factory Team Vini Fantini,1.0,STEWART Mark,0,0.00,Y
"Tizza, Marco",Wagner Bazin WB,1.0,TIZZA Marco,0,0.00,Y
"Bugge, Martin Urianstad",Uno-X Mobility,1.0,URIANSTAD BUGGE Martin,0,0.00,Y
"Meulen, Max van der",Bahrain Victorious,1.0,VAN DER MEULEN Max,0,0.00,Y
"Walker, Max",EF Education - EasyPost,1.0,WALKER Max,0,0.00,Y
"Wenzel, Mats",Equipo Kern Pharma,1.0,WENZEL Mats,0,0.00,Y
"Alustiza, Nicolás",Euskaltel - Euskadi,1.0,ALUSTIZA Nicolás,0,0.00,Y
"Finé, Eddy",Cofidis,1.0,FINÉ Eddy,0,0.00,Y
"Fernández, Sinuhé",Burgos Burpellet BH,1.0,FERNÁNDEZ Sinuhé,0,0.00,Y
"Fernández, Samuel",Caja Rural - Seguros RGA,1.0,FERNÁNDEZ Samuel,0,0.00,Y
"Fernández, Miguel Angel",Equipo Kern Pharma,1.0,FERNÁNDEZ Miguel Ángel,0,0.00,Y
"Gimeno, Nil",Equipo Kern Pharma,1.0,GIMENO Nil,0,0.00,Y
"Mahoudo, Nolann",Cofidis,1.0,MAHOUDO Nolann,0,0.00,Y
"Marcerou, Nicola",TotalEnergies,1.0,MARCEROU Nicola,0,0.00,Y
"Raisberg, Nadav",Israel - Premier Tech,1.0,RAISBERG Nadav,0,0.00,Y
"Rootkin-Gray, Jack",EF Education - EasyPost,1.0,ROOTKIN-GRAY Jack,0,0.00,Y
"Smith, Nathan",Team Novo Nordisk,1.0,SMITH Nathan,0,0.00,Y
"Vandenbranden, Noah",Team Flanders - Baloise,1.0,VANDENBRANDEN Noah,0,0.00,Y
"Vinokurov, Nicolas",XDS Astana Team,1.0,VINOKUROV Nicolas,0,0.00,Y
"Zukowsky, Nick",Q36.5 Pro Cycling Team,1.0,ZUKOWSKY Nickolas,0,0.00,Y
"Chamberlain, Oscar",Decathlon AG2R La Mondiale,1.0,CHAMBERLAIN Oscar,0,0.00,Y
"Geleijn, Owen",Unibet Tietema Rockets,1.0,GELEIJN Owen,0,0.00,Y
"Knight, Oliver",Cofidis,1.0,KNIGHT Oliver,0,0.00,Y
"Kogut, Oded",Israel - Premier Tech,1.0,KOGUT Oded,0,0.00,Y
"Stockwell, Oliver",Bahrain Victorious,1.0,STOCKWELL Oliver,0,0.00,Y
"Vergaerde, Otto",Lidl - Trek,1.0,VERGAERDE Otto,0,0.00,Y
"Barbier, Pierre",Wagner Bazin WB,1.0,BARBIER Pierre,0,0.00,Y
"Carrascosa, Pablo",Equipo Kern Pharma,1.0,CARRASCOSA Pablo,0,0.00,Y
"Gamper, Patrick",Team Jayco AlUla,1.0,GAMPER Patrick,0,0.00,Y
"Reinderink, Pepijn",Soudal - Quick-Step,1.0,REINDERINK Pepijn,0,0.00,Y
"Serry, Pieter",Soudal - Quick-Step,1.0,SERRY Pieter,0,0.00,Y
"Thierry, Pierre",Arkéa - BnB Hotels,1.0,THIERRY Pierre,0,0.00,Y
"Bezza, Quentin",Wagner Bazin WB,1.0,BEZZA Quentin,0,0.00,Y
"Graeve, Quinten De",Team Novo Nordisk,1.0,DE GRAEVE Quinten,0,0.00,Y
"Eržen, Zak",Bahrain Victorious,1.0,ERŽEN Žak,0,0.00,Y
"Combaud, Romain",Team Picnic PostNL,1.0,COMBAUD Romain,0,0.00,Y
"Dhondt, Robbe",Team Picnic PostNL,1.0,DHONDT Robbe,0,0.00,Y
"Ermakov, Roman",Bahrain Victorious,1.0,ERMAKOV Roman,0,0.00,Y
"Ghys, Robbe",Alpecin - Deceuninck,1.0,GHYS Robbe,0,0.00,Y
"Alvarez, Rodrigo",Burgos Burpellet BH,1.0,ÁLVAREZ Rodrigo,0,0.00,Y
"Thalmann, Roland",Tudor Pro Cycling Team,1.0,THALMANN Roland,0,0.00,Y
"Sintmaartensdijk, Roel van",Intermarché - Wanty,1.0,VAN SINTMAARTENSDIJK Roel,0,0.00,Y
"Wallin, Rasmus Bøgh",Uno-X Mobility,1.0,WALLIN Rasmus Bøgh,0,0.00,Y
"Brand, Sam",Team Novo Nordisk,1.0,BRAND Sam,0,0.00,Y
"Chumil, Sergio",Burgos Burpellet BH,1.0,CHUMIL Sergio Geovani,0,0.00,Y
"Darder, Sergi",Caja Rural - Seguros RGA,1.0,DARDER Sergi,0,0.00,Y
"Pestel, Sander De",Decathlon AG2R La Mondiale,1.0,DE PESTEL Sander,0,0.00,Y
"Deweirdt, Siebe",Team Flanders - Baloise,1.0,DEWEIRDT Siebe,0,0.00,Y
"Dillier, Silvan",Alpecin - Deceuninck,1.0,DILLIER Silvan,0,0.00,Y
"Gaze, Samuel",Alpecin - Deceuninck,1.0,GAZE Samuel,0,0.00,Y
"Grignard, Sébastien",Lotto,1.0,GRIGNARD Sébastien,0,0.00,Y
"Kolze Changizi, Sebastian",Tudor Pro Cycling Team,1.0,KOLZE CHANGIZI Sebastian,0,0.00,Y
"Maisonobe, Sam",Cofidis,1.0,MAISONOBE Sam,0,0.00,Y
"Nielsen, Sebastian",Unibet Tietema Rockets,1.0,NIELSEN Sebastian,0,0.00,Y
"Puccio, Salvatore",INEOS Grenadiers,1.0,PUCCIO Salvatore,0,0.00,Y
"Samitier, Sergio",Cofidis,1.0,SAMITIER Sergio,0,0.00,Y
"Tu, Sergio",Bahrain Victorious,1.0,TU Sergio,0,0.00,Y
"Zoccarato, Samuele",Team Polti VisitMalta,1.0,ZOCCARATO Samuele,0,0.00,Y
"Bonnet, Thomas",TotalEnergies,1.0,BONNET Thomas,0,0.00,Y
"Clynhens, Toon",Team Flanders - Baloise,1.0,CLYNHENS Toon,0,0.00,Y
"Crabbe, Tom",Team Flanders - Baloise,1.0,CRABBE Tom,0,0.00,Y
"Declercq, Tim",Lidl - Trek,1.0,DECLERCQ Tim,0,0.00,Y
"Dens, Tuur",Team Flanders - Baloise,1.0,DENS Tuur,0,0.00,Y
"Koyama, Tomoya",Burgos Burpellet BH,1.0,KOYAMA Tomoya,0,0.00,Y
"Martín, Alex",Team Polti VisitMalta,1.0,MARTÍN Alex,0,0.00,Y
"Naberman, Tim",Team Picnic PostNL,1.0,NABERMAN Tim,0,0.00,Y
"Nencini, Tommaso",Toscana Factory Team Vini Fantini,1.0,NENCINI Tommaso,0,0.00,Y
"Paquot, Tom",Intermarché - Wanty,1.0,PAQUOT Tom,0,0.00,Y
"Portsmouth, Tom",Wagner Bazin WB,1.0,PORTSMOUTH Tom,0,0.00,Y
"Roosen, Timo",Team Picnic PostNL,1.0,ROOSEN Timo,0,0.00,Y
"Muñoz, Fran",Team Polti VisitMalta,1.0,MUÑOZ Francisco,0,0.00,Y
"Aznar, Unai",Equipo Kern Pharma,1.0,AZNAR Unai,0,0.00,Y
"Iribar, Unai",Equipo Kern Pharma,1.0,IRIBAR Unai,0,0.00,Y
"Poli, Umberto",Team Novo Nordisk,1.0,POLI Umberto,0,0.00,Y
"Zubeldia, Unai",Euskaltel - Euskadi,1.0,ZUBELDIA Unai,0,0.00,Y
"Conti, Valerio",Toscana Factory Team Vini Fantini,1.0,CONTI Valerio,0,0.00,Y
"Galván, Francisco",Equipo Kern Pharma,1.0,GALVÁN Francisco,0,0.00,Y
"Gerits, Vince",Team Flanders - Baloise,1.0,GERITS Vince,0,0.00,Y
"Laengen, Vegard Stake",UAE Emirates XRG,1.0,LAENGEN Vegard Stake,0,0.00,Y
"Papon, Victor",Wagner Bazin WB,1.0,PAPON Victor,0,0.00,Y
"Rojas, Vicente",VF Group - Bardiani CSF - Faizanè,1.0,ROJAS Vicente,0,0.00,Y
"Hemelen, Vincent Van",Team Flanders - Baloise,1.0,VAN HEMELEN Vincent,0,0.00,Y
"Vercouillie, Victor",Team Flanders - Baloise,1.0,VERCOUILLIE Victor,0,0.00,Y
"Blume Levy, William",Uno-X Mobility,1.0,BLUME LEVY William,0,0.00,Y
"Calzoni, Walter",Q36.5 Pro Cycling Team,1.0,CALZONI Walter,0,0.00,Y
"Vanhoof, Ward",Team Flanders - Baloise,1.0,VANHOOF Ward,0,0.00,Y
"Azparren, Xabier",Q36.5 Pro Cycling Team,1.0,AZPARREN Xabier Mikel,0,0.00,Y
"Isasa, Xabier",Euskaltel - Euskadi,1.0,ISASA Xabier,0,0.00,Y
"Arashiro, Yukiya",Toscana Factory Team Vini Fantini,1.0,ARASHIRO Yukiya,0,0.00,Y
"Todome, Yuhi",EF Education - EasyPost,1.0,TODOME Yuhi,0,0.00,Y
"Vandevelde, Yentl",Team Flanders - Baloise,1.0,VANDEVELDE Yentl,0,0.00,Y
"González, Roberto",Toscana Factory Team Vini Fantini,1.0,GONZÁLEZ Roberto Carlos,0,0.00,Y
"Diaz, José Manuel",Burgos Burpellet BH,1.0,DÍAZ José Manuel,0,0.00,Y
"Lopez de Abetxuko, Andoni",Euskaltel - Euskadi,1.0,LÓPEZ DE ABETXUKO Andoni,0,0.00,Y
"Lopez, Jordi",Euskaltel - Euskadi,1.0,LÓPEZ Jordi,0,0.00,Y
"Sütterlin, Jasha",Team Jayco AlUla,1.0,SÜTTERLIN Jasha,0,0.00,Y
"Gomez, Germán",Team Polti VisitMalta,1.0,GÓMEZ Germán Darío,0,0.00,Y
"Løland, Sakarias Koller",Uno-X Mobility,1.0,LØLAND Sakarias Koller,0,0.00,Y
"August, AJ",INEOS Grenadiers,1.1,AUGUST Andrew,0,0.00,Y
"Gendt, Aimé De",Cofidis,1.1,DE GENDT Aimé,0,0.00,Y
"Delettre, Alexandre",TotalEnergies,1.1,DELETTRE Alexandre,0,0.00,Y
"Faure Prost, Alexy",Intermarché - Wanty,1.1,FAURE PROST Alexy,0,0.00,Y
"Gate, Aaron",XDS Astana Team,1.1,GATE Aaron,0,0.00,Y
"Hajek, Alexander",Red Bull - BORA - hansgrohe,1.1,HAJEK Alexander,0,0.00,Y
"Krieger, Alexander",Tudor Pro Cycling Team,1.1,KRIEGER Alexander,0,0.00,Y
"Pinarello, Alessandro",VF Group - Bardiani CSF - Faizanè,1.1,PINARELLO Alessandro,0,0.00,Y
"Romele, Alessandro",XDS Astana Team,1.1,ROMELE Alessandro,0,0.00,Y
"Rolland, Brieuc",Groupama - FDJ,1.1,ROLLAND Brieuc,0,0.00,Y
"Lerberghe, Bert Van",Soudal - Quick-Step,1.1,VAN LERBERGHE Bert,0,0.00,Y
"Barthe, Cyril",Groupama - FDJ,1.1,BARTHE Cyril,0,0.00,Y
"Froome, Chris",Israel - Premier Tech,1.1,FROOME Chris,0,0.00,Y
"Swift, Connor",INEOS Grenadiers,1.1,SWIFT Connor,0,0.00,Y
"Bais, Davide",Team Polti VisitMalta,1.1,BAIS Davide,0,0.00,Y
"De Cassan, Davide",Team Polti VisitMalta,1.1,DE CASSAN Davide,0,0.00,Y
"Grondin, Donavan",Arkéa - BnB Hotels,1.1,GRONDIN Donavan,0,0.00,Y
"Skerl, Daniel",Bahrain Victorious,1.1,SKERL Daniel,0,0.00,Y
"Herzog, Emil",Red Bull - BORA - hansgrohe,1.1,HERZOG Emil,0,0.00,Y
"Planckaert, Edward",Alpecin - Deceuninck,1.1,PLANCKAERT Edward,0,0.00,Y
"Reinders, Elmar",Team Jayco AlUla,1.1,REINDERS Elmar,0,0.00,Y
"Cettolin, Filippo",VF Group - Bardiani CSF - Faizanè,1.1,CETTOLIN Filippo,0,0.00,Y
"Dauphin, Florian",TotalEnergies,1.1,DAUPHIN Florian,0,0.00,Y
"Doubey, Fabien",TotalEnergies,1.1,DOUBEY Fabien,0,0.00,Y
"Boivin, Guillaume",Israel - Premier Tech,1.1,BOIVIN Guillaume,0,0.00,Y
"Carboni, Giovanni",Unibet Tietema Rockets,1.1,CARBONI Giovanni,0,0.00,Y
"Epis, Giosuè",Arkéa - BnB Hotels,1.1,EPIS Giosuè,0,0.00,Y
"Jackson, George",Burgos Burpellet BH,1.1,JACKSON George,0,0.00,Y
"Silva, Thomas",Caja Rural - Seguros RGA,1.1,SILVA Guillermo Thomas,0,0.00,Y
"Vries, Hartthijs de",Unibet Tietema Rockets,1.1,DE VRIES Hartthijs,0,0.00,Y
"Vandenabeele, Henri",Lotto,1.1,VANDENABEELE Henri,0,0.00,Y
"Rajović, Dušan",Toscana Factory Team Vini Fantini,1.1,RAJOVIĆ Dušan,0,0.00,Y
"Bernard, Julien",Lidl - Trek,1.1,BERNARD Julien,0,0.00,Y
"Bou, Joan",Caja Rural - Seguros RGA,1.1,BOU Joan,0,0.00,Y
"Delbove, Joris",TotalEnergies,1.1,DELBOVE Joris,0,0.00,Y
"Drizners, Jarrad",Lotto,1.1,DRIZNERS Jarrad,0,0.00,Y
"Hesters, Jules",Team Flanders - Baloise,1.1,HESTERS Jules,0,0.00,Y
"Johansen, Julius",UAE Emirates XRG,1.1,JOHANSEN Julius,0,0.00,Y
"Otruba, Jakub",Caja Rural - Seguros RGA,1.1,OTRUBA Jakub,0,0.00,Y
"Pidcock, Joe",Q36.5 Pro Cycling Team,1.1,PIDCOCK Joseph,0,0.00,Y
"Serrano, Javi",Team Polti VisitMalta,1.1,SERRANO Javier,0,0.00,Y
"Shaw, James",EF Education - EasyPost,1.1,SHAW James,0,0.00,Y
"Steimle, Jannik",Q36.5 Pro Cycling Team,1.1,STEIMLE Jannik,0,0.00,Y
"Berg, Julius van den",Team Picnic PostNL,1.1,VAN DEN BERG Julius,0,0.00,Y
"Lee, Jardi van der",EF Education - EasyPost,1.1,VAN DER LEE Jardi Christiaan,0,0.00,Y
"Warlop, Jordi",Soudal - Quick-Step,1.1,WARLOP Jordi,0,0.00,Y
"Bonneu, Kamiel",Intermarché - Wanty,1.1,BONNEU Kamiel,0,0.00,Y
"Colleoni, Kevin",Intermarché - Wanty,1.1,COLLEONI Kevin,0,0.00,Y
"Kopecký, Tomáš",Unibet Tietema Rockets,1.1,KOPECKÝ Tomáš,0,0.00,Y
"Rooy, Kenneth Van",Wagner Bazin WB,1.1,VAN ROOY Kenneth,0,0.00,Y
"Colnaghi, Luca",VF Group - Bardiani CSF - Faizanè,1.1,COLNAGHI Luca,0,0.00,Y
"Crescioli, Ludovico",Team Polti VisitMalta,1.1,CRESCIOLI Ludovico,0,0.00,Y
"Durbridge, Luke",Team Jayco AlUla,1.1,DURBRIDGE Luke,0,0.00,Y
"Huys, Laurens",Arkéa - BnB Hotels,1.1,HUYS Laurens,0,0.00,Y
"Toupalík, Adam",Unibet Tietema Rockets,1.1,ŤOUPALÍK Adam,0,0.00,Y
"Slock, Liam",Lotto,1.1,SLOCK Liam,0,0.00,Y
"Wynkele, Lorenz Van de",Lotto,1.1,VAN DE WYNKELE Lorenz,0,0.00,Y
"Hautegem, Leander Van",Wagner Bazin WB,1.1,VAN HAUTEGEM Leander,0,0.00,Y
"Badilatti, Matteo",Q36.5 Pro Cycling Team,1.1,BADILATTI Matteo,0,0.00,Y
"Beloki, Markel",EF Education - EasyPost,1.1,BELOKI Markel,0,0.00,Y
"Bizkarra, Mikel",Euskaltel - Euskadi,1.1,BIZKARRA Mikel,0,0.00,Y
"Brustenga, Marc",Equipo Kern Pharma,1.1,BRUSTENGA Marc,0,0.00,Y
"Budding, Martijn",Unibet Tietema Rockets,1.1,BUDDING Martijn,0,0.00,Y
"Hepburn, Michael",Team Jayco AlUla,1.1,HEPBURN Michael,0,0.00,Y
"Kudus, Merhawi",Burgos Burpellet BH,1.1,KUDUS Merhawi,0,0.00,Y
"Norsgaard, Mathias",Movistar Team,1.1,NORSGAARD Mathias,0,0.00,Y
"Buratti, Nicolò",Bahrain Victorious,1.1,BURATTI Nicolò,0,0.00,Y
"Le Gac, Olivier",Groupama - FDJ,1.1,LE GAC Olivier,0,0.00,Y
"Riesebeek, Oscar",Alpecin - Deceuninck,1.1,RIESEBEEK Oscar,0,0.00,Y
"Kelemen, Petr",Tudor Pro Cycling Team,1.1,KELEMEN Petr,0,0.00,Y
"Ourselin, Paul",Cofidis,1.1,OURSELIN Paul,0,0.00,Y
"Sepúlveda, Eduardo",Lotto,1.1,SEPÚLVEDA Eduardo,0,0.00,Y
"Boulahoite, Rayan",TotalEnergies,1.1,BOULAHOITE Rayan,0,0.00,Y
"Orins, Robin",Lotto,1.1,ORINS Robin,0,0.00,Y
"Svrček, Martin",Soudal - Quick-Step,1.1,SVRČEK Martin,0,0.00,Y
"Townsend, Rory",Q36.5 Pro Cycling Team,1.1,TOWNSEND Rory,0,0.00,Y
"Dalby, Simon",Uno-X Mobility,1.1,DALBY Simon,0,0.00,Y
"Ferraro, Santiago",VF Group - Bardiani CSF - Faizanè,1.1,FERRARO Santiago,0,0.00,Y
"Meris, Sergio",Unibet Tietema Rockets,1.1,MERIS Sergio,0,0.00,Y
"Weemaes, Sasha",Wagner Bazin WB,1.1,WEEMAES Sasha,0,0.00,Y
"Guernalec, Thibault",Arkéa - BnB Hotels,1.1,GUERNALEC Thibault,0,0.00,Y
"Guernalec, Victor",Arkéa - BnB Hotels,1.1,GUERNALEC Thibault,0,0.00,Y
"Leitão, Iúri",Caja Rural - Seguros RGA,1.1,LEITÃO Iúri,0,0.00,Y
"Martín, Gotzon",Euskaltel - Euskadi,1.1,MARTÍN Gotzon,0,0.00,Y
"Sande, Tosh Van der",Team Visma - Lease a Bike,1.1,VAN DER SANDE Tosh,0,0.00,Y
"De La Parte, Víctor",Euskaltel - Euskadi,1.1,DE LA PARTE Víctor,0,0.00,Y
"Ferron, Valentin",Cofidis,1.1,FERRON Valentin,0,0.00,Y
"Retailleau, Valentin",TotalEnergies,1.1,RETAILLEAU Valentin,0,0.00,Y
"Mouris, Wessel",Unibet Tietema Rockets,1.1,MOURIS Wessel,0,0.00,Y
"Kyffin, Zeb",Unibet Tietema Rockets,1.1,KYFFIN Zeb,0,0.00,Y
"Lopez, Joseba",Caja Rural - Seguros RGA,1.1,LÓPEZ Joseba,0,0.00,Y
"Coté, Pier-André",Israel - Premier Tech,1.1,CÔTÉ Pier-André,0,0.00,Y
"O'Brien, Kelland",Team Jayco AlUla,1.1,O'BRIEN Kelland,0,0.00,Y
"Märkl, Niklas",Team Picnic PostNL,1.1,MÄRKL Niklas,0,0.00,Y
"Bévort, Carl-Frederik",Uno-X Mobility,1.1,BÉVORT Carl-Frederik,0,0.00,Y
"Gesbert, Elie",Arkéa - BnB Hotels,1.2,GESBERT Élie,0,0.00,Y
"Małecki, Kamil",Q36.5 Pro Cycling Team,1.2,MAŁECKI Kamil,0,0.00,Y
"Pietrobon, Andrea",Team Polti VisitMalta,1.2,PIETROBON Andrea,0,0.00,Y
"Verre, Alessandro",Arkéa - BnB Hotels,1.2,VERRE Alessandro,0,0.00,Y
"Pedersen, Casper",Soudal - Quick-Step,1.2,PEDERSEN Casper,0,0.00,Y
"Persico, Davide",Wagner Bazin WB,1.2,PERSICO Davide,0,0.00,Y
"Toneatti, Davide",XDS Astana Team,1.2,TONEATTI Davide,0,0.00,Y
"Peñalver, Manuel",Team Polti VisitMalta,1.2,PEÑALVER Manuel,0,0.00,Y
"Price-Pejtersen, Johan",Alpecin - Deceuninck,1.2,PRICE-PEJTERSEN Johan,0,0.00,Y
"Kajamini, Florian",XDS Astana Team,1.2,KAJAMINI Florian Samuel,0,0.00,Y
"Lienhard, Fabian",Tudor Pro Cycling Team,1.2,LIENHARD Fabian,0,0.00,Y
"Pickering, Finlay",Bahrain Victorious,1.2,PICKERING Finlay,0,0.00,Y
"Weiss, Fabian",Tudor Pro Cycling Team,1.2,WEISS Fabian,0,0.00,Y
"Mulubrhan, Henok",XDS Astana Team,1.2,MULUBRHAN Henok,0,0.00,Y
"Oliveira, Ivo",UAE Emirates XRG,1.2,OLIVEIRA Ivo,0,0.00,Y
"Giddings, Joshua",Lotto,1.2,GIDDINGS Joshua,0,0.00,Y
"Koch, Jonas",Red Bull - BORA - hansgrohe,1.2,KOCH Jonas,0,0.00,Y
"Labrosse, Jordan",Decathlon AG2R La Mondiale,1.2,LABROSSE Jordan,0,0.00,Y
"Plowright, Jensen",Alpecin - Deceuninck,1.2,PLOWRIGHT Jensen,0,0.00,Y
"Suter, Joel",Tudor Pro Cycling Team,1.2,SUTER Joel,0,0.00,Y
"Heiduk, Kim",INEOS Grenadiers,1.2,HEIDUK Kim,0,0.00,Y
"Sbaragli, Kristian",Toscana Factory Team Vini Fantini,1.2,SBARAGLI Kristian,0,0.00,Y
"Covili, Luca",VF Group - Bardiani CSF - Faizanè,1.2,COVILI Luca,0,0.00,Y
"Germani, Lorenzo",Groupama - FDJ,1.2,GERMANI Lorenzo,0,0.00,Y
"Loockx, Lander",Unibet Tietema Rockets,1.2,LOOCKX Lander,0,0.00,Y
"Manzin, Lorrenzo",TotalEnergies,1.2,MANZIN Lorrenzo,0,0.00,Y
"Sutton, Louis",Euskaltel - Euskadi,1.2,SUTTON Louis,0,0.00,Y
"Vervaeke, Louis",Soudal - Quick-Step,1.2,VERVAEKE Louis,0,0.00,Y
"Prodhomme, Nicolas",Decathlon AG2R La Mondiale,1.2,PRODHOMME Nicolas,0,0.00,Y
"Debruyne, Ramses",Alpecin - Deceuninck,1.2,DEBRUYNE Ramses,0,0.00,Y
"Froideveaux, Robin",Tudor Pro Cycling Team,1.2,FROIDEVAUX Robin,0,0.00,Y
"Mullen, Ryan",Red Bull - BORA - hansgrohe,1.2,MULLEN Ryan,0,0.00,Y
"Bayer, Tobias",Alpecin - Deceuninck,1.2,BAYER Tobias,0,0.00,Y
"Gachignard, Thomas",TotalEnergies,1.2,GACHIGNARD Thomas,0,0.00,Y
"Gudmestad, Tord",Decathlon AG2R La Mondiale,1.2,GUDMESTAD Tord,0,0.00,Y
"González, David",Q36.5 Pro Cycling Team,1.2,GONZÁLEZ David,0,0.00,Y
"Charmig, Anthon",XDS Astana Team,1.3,CHARMIG Anthon,0,0.00,Y
"Ghebreigzabhier, Amanuel",Lidl - Trek,1.3,GHEBREIGZABHIER Amanuel,0,0.00,Y
"Moer, Brent Van",Lotto,1.3,VAN MOER Brent,0,0.00,Y
"Braz Afonso, Clément",Groupama - FDJ,1.3,BRAZ AFONSO Clément,0,0.00,Y
"Hamilton, Chris",Team Picnic PostNL,1.3,HAMILTON Chris,0,0.00,Y
"Scotson, Callum",Decathlon AG2R La Mondiale,1.3,SCOTSON Callum,0,0.00,Y
"Bekkum, Darren van",XDS Astana Team,1.3,VAN BEKKUM Darren,0,0.00,Y
"Soupe, Geoffrey",TotalEnergies,1.3,SOUPE Geoffrey,0,0.00,Y
"Hoecke, Gijs Van",Intermarché - Wanty,1.3,VAN HOECKE Gijs,0,0.00,Y
"Pedersen, Henrik",Uno-X Mobility,1.3,PEDERSEN Henrik,0,0.00,Y
"Kubiš, Lukáš",Unibet Tietema Rockets,1.3,KUBIŠ Lukáš,0,0.00,Y
"Hollmann, Juri",Alpecin - Deceuninck,1.3,HOLLMANN Juri,0,0.00,Y
"Rickaert, Jonas",Alpecin - Deceuninck,1.3,RICKAERT Jonas,0,0.00,Y
"Kopecký, Matyáš",Team Novo Nordisk,1.3,KOPECKÝ Matyáš,0,0.00,Y
"Barceló, Fernando",Caja Rural - Seguros RGA,1.3,BARCELÓ Fernando,0,0.00,Y
"Malucelli, Matteo",XDS Astana Team,1.3,MALUCELLI Matteo,0,0.00,Y
"Marcellusi, Martin",VF Group - Bardiani CSF - Faizanè,1.3,MARCELLUSI Martin,0,0.00,Y
"Retegi, Mikel",Equipo Kern Pharma,1.3,RETEGI Mikel,0,0.00,Y
"Rondel, Mathys",Tudor Pro Cycling Team,1.3,RONDEL Mathys,0,0.00,Y
"Tarozzi, Manuele",VF Group - Bardiani CSF - Faizanè,1.3,TAROZZI Manuele,0,0.00,Y
"Allegaert, Piet",Cofidis,1.3,ALLEGAERT Piet,0,0.00,Y
"Eddy, Patrick",Team Picnic PostNL,1.3,EDDY Patrick,0,0.00,Y
"Gibbons, Ryan",Lidl - Trek,1.3,GIBBONS Ryan,0,0.00,Y
"Berwick, Sebastian",Caja Rural - Seguros RGA,1.3,BERWICK Sebastian,0,0.00,Y
"Guglielmi, Simon",Arkéa - BnB Hotels,1.3,GUGLIELMI Simon,0,0.00,Y
"Leroux, Samuel",TotalEnergies,1.3,LEROUX Samuel,0,0.00,Y
"Petilli, Simone",Intermarché - Wanty,1.3,PETILLI Simone,0,0.00,Y
"Juaristi, Txomin",Euskaltel - Euskadi,1.3,JUARISTI Txomin,0,0.00,Y
"González, Abner",Caja Rural - Seguros RGA,1.3,GONZÁLEZ Abner,0,0.00,Y
"De Marchi, Alessandro",Team Jayco AlUla,1.4,DE MARCHI Alessandro,0,0.00,Y
"Russo, Clément",Groupama - FDJ,1.4,RUSSO Clément,0,0.00,Y
"Svestad-Bårdseng, Embret",Arkéa - BnB Hotels,1.4,SVESTAD-BÅRDSENG Embret,0,0.00,Y
"Zanoncello, Enrico",VF Group - Bardiani CSF - Faizanè,1.4,ZANONCELLO Enrico,0,0.00,Y
"Frison, Frederik",Q36.5 Pro Cycling Team,1.4,FRISON Frederik,0,0.00,Y
"Stork, Florian",Tudor Pro Cycling Team,1.4,STORK Florian,0,0.00,Y
"Wandahl, Frederik",Red Bull - BORA - hansgrohe,1.4,WANDAHL Frederik,0,0.00,Y
"Gelders, Gil",Soudal - Quick-Step,1.4,GELDERS Gil,0,0.00,Y
"Martinez, Juan Guillermo",Team Picnic PostNL,1.4,MARTINEZ Guillermo Juan,0,0.00,Y
"Barrenetxea, Jon",Movistar Team,1.4,BARRENETXEA Jon,0,0.00,Y
"Gregaard, Jonas",Lotto,1.4,GREGAARD Jonas,0,0.00,Y
"Rutsch, Jonas",Intermarché - Wanty,1.4,RUTSCH Jonas,0,0.00,Y
"Geniets, Kévin",Groupama - FDJ,1.4,GENIETS Kevin,0,0.00,Y
"Maestri, Mirco",Team Polti VisitMalta,1.4,MAESTRI Mirco,0,0.00,Y
"Doull, Owain",EF Education - EasyPost,1.4,DOULL Owain,0,0.00,Y
"Eiking, Odd Christian",Unibet Tietema Rockets,1.4,EIKING Odd Christian,0,0.00,Y
"Fraile, Omar",INEOS Grenadiers,1.4,FRAILE Omar,0,0.00,Y
"Double, Paul",Team Jayco AlUla,1.4,DOUBLE Paul,0,0.00,Y
"Eenkhoorn, Pascal",Soudal - Quick-Step,1.4,EENKHOORN Pascal,0,0.00,Y
"Thompson, Reuben",Lotto,1.4,THOMPSON Reuben,0,0.00,Y
"Asbroeck, Tom Van",Israel - Premier Tech,1.4,VAN ASBROECK Tom,0,0.00,Y
"Berhe, Welay Hagos",Team Jayco AlUla,1.4,BERHE Welay Hagos,0,0.00,Y
"De La Cruz, David",Q36.5 Pro Cycling Team,1.5,DE LA CRUZ David,0,0.00,Y
"Sweeny, Harry",EF Education - EasyPost,1.5,SWEENY Harry,0,0.00,Y
"Arrieta, Igor",UAE Emirates XRG,1.5,ARRIETA Igor,0,0.00,Y
"Lastra, Jonathan",Cofidis,1.5,LASTRA Jonathan,0,0.00,Y
"Bisiaux, Léo",Decathlon AG2R La Mondiale,1.5,BISIAUX Léo,0,0.00,Y
"Eulálio, Afonso",Bahrain Victorious,1.5,EULÁLIO Afonso,0,0.00,Y
"Hoelgaard, Markus",Uno-X Mobility,1.5,HOELGAARD Markus,0,0.00,Y
"Le Berre, Mathis",Arkéa - BnB Hotels,1.5,LE BERRE Mathis,0,0.00,Y
"Cerný, Josef",Soudal - Quick-Step,1.5,ČERNÝ Josef,0,0.00,Y
"Parisini, Nicolò",Q36.5 Pro Cycling Team,1.5,PARISINI Nicolò,0,0.00,Y
"Peters, Nans",Decathlon AG2R La Mondiale,1.5,PETERS Nans,0,0.00,Y
"Hennequin, Paul",Euskaltel - Euskadi,1.5,HENNEQUIN Paul,0,0.00,Y
"Barré, Louis",Intermarché - Wanty,1.5,BARRÉ Louis,0,0.00,Y
"Dujardin, Sandy",TotalEnergies,1.5,DUJARDIN Sandy,0,0.00,Y
"Flynn, Sean",Team Picnic PostNL,1.5,FLYNN Sean,0,0.00,Y
"Stewart, Campbell",Team Jayco AlUla,1.6,STEWART Campbell,0,0.00,Y
"Hoole, Daan",Lidl - Trek,1.6,HOOLE Daan,0,0.00,Y
"Paleni, Enzo",Groupama - FDJ,1.6,PALENI Enzo,0,0.00,Y
"Magli, Filippo",VF Group - Bardiani CSF - Faizanè,1.6,MAGLI Filippo,0,0.00,Y
"Brambilla, Gianluca",Q36.5 Pro Cycling Team,1.6,BRAMBILLA Gianluca,0,0.00,Y
"Glivar, Gal",Alpecin - Deceuninck,1.6,GLIVAR Gal,0,0.00,Y
"Kulset, Johannes",Uno-X Mobility,1.6,KULSET Johannes,0,0.00,Y
"Hamilton, Lucas",INEOS Grenadiers,1.6,HAMILTON Lucas,0,0.00,Y
"Vergallito, Luca",Alpecin - Deceuninck,1.6,VERGALLITO Luca,0,0.00,Y
"Behrens, Niklas",Team Visma - Lease a Bike,1.6,BEHRENS Niklas,0,0.00,Y
"Conci, Nicola",XDS Astana Team,1.6,CONCI Nicola,0,0.00,Y
"Isidore, Noa",Decathlon AG2R La Mondiale,1.6,ISIDORE Noa,0,0.00,Y
"Bax, Sjoerd",Q36.5 Pro Cycling Team,1.6,BAX Sjoerd,0,0.00,Y
"Del Grosso, Tibor",Alpecin - Deceuninck,1.6,DEL GROSSO Tibor,0,0.00,Y
"Langellotti, Victor",INEOS Grenadiers,1.6,LANGELLOTTI Victor,0,0.00,Y
"Berasategi, Xabier",Euskaltel - Euskadi,1.6,BERASATEGI Xabier,0,0.00,Y
"Meurisse, Xandro",Alpecin - Deceuninck,1.6,MEURISSE Xandro,0,0.00,Y
"Capiot, Amaury",Arkéa - BnB Hotels,1.7,CAPIOT Amaury,0,0.00,Y
"Foldager, Anders",Team Jayco AlUla,1.7,FOLDAGER Anders,0,0.00,Y
"Huby, Antoine",Soudal - Quick-Step,1.7,HUBY Antoine,0,0.00,Y
"Pedrero, Antonio",Movistar Team,1.7,PEDRERO Antonio,0,0.00,Y
"Tonelli, Alessandro",Team Polti VisitMalta,1.7,TONELLI Alessandro,0,0.00,Y
"Rafferty, Darren",EF Education - EasyPost,1.7,RAFFERTY Darren,0,0.00,Y
"Blikra, Erlend",Uno-X Mobility,1.7,BLIKRA Erlend,0,0.00,Y
"Moscon, Gianni",Red Bull - BORA - hansgrohe,1.7,MOSCON Gianni,0,0.00,Y
"Jeanniere, Emilien",TotalEnergies,1.7,JEANNIÈRE Emilien,0,0.00,Y
"Brenner, Marco",Tudor Pro Cycling Team,1.7,BRENNER Marco,0,0.00,Y
"Huising, Menno",Team Visma - Lease a Bike,1.7,HUISING Menno,0,0.00,Y
"Schuyteneer, Steffen De",Lotto,1.7,DE SCHUYTENEER Steffen,0,0.00,Y
"Quinn, Sean",EF Education - EasyPost,1.7,QUINN Sean,0,0.00,Y
"Graat, Tijmen",Team Visma - Lease a Bike,1.7,GRAAT Tijmen,0,0.00,Y
"Stites, Tyler",Caja Rural - Seguros RGA,1.7,STITES Tyler,0,0.00,Y
"Mechelen, Vlad Van",Bahrain Victorious,1.7,VAN MECHELEN Vlad,0,0.00,Y
"Fedorov, Yevgeniy",XDS Astana Team,1.7,FEDOROV Yevgeniy,0,0.00,Y
"Lopez, Harold Martin",XDS Astana Team,1.7,LÓPEZ Harold Martín,0,0.00,Y
"Molenaar, Alex",Caja Rural - Seguros RGA,1.8,MOLENAAR Alex,0,0.00,Y
"Jungels, Bob",INEOS Grenadiers,1.8,JUNGELS Bob,0,0.00,Y
"Thomas, Benjamin",Cofidis,1.8,THOMAS Benjamin,0,0.00,Y
"Venturini, Clément",Arkéa - BnB Hotels,1.8,VENTURINI Clément,0,0.00,Y
"Bomboi, Davide",Unibet Tietema Rockets,1.8,BOMBOI Davide,0,0.00,Y
"Bondt, Dries De",Decathlon AG2R La Mondiale,1.8,DE BONDT Dries,0,0.00,Y
"McLay, Daniel",Team Visma - Lease a Bike,1.8,MCLAY Daniel,0,0.00,Y
"Smith, Dion",Intermarché - Wanty,1.8,SMITH Dion,0,0.00,Y
"Leemreize, Gijs",Team Picnic PostNL,1.8,LEEMREIZE Gijs,0,0.00,Y
"Pollefliet, Gianluca",Decathlon AG2R La Mondiale,1.8,POLLEFLIET Gianluca,0,0.00,Y
"Artz, Huub",Intermarché - Wanty,1.8,ARTZ Huub,0,0.00,Y
"Einhorn, Itamar",Israel - Premier Tech,1.8,EINHORN Itamar,0,0.00,Y
"Castroviejo, Jonathan",INEOS Grenadiers,1.8,CASTROVIEJO Jonathan,0,0.00,Y
"Cepeda, Jefferson Alexander",EF Education - EasyPost,1.8,CEPEDA Jefferson Alexander,0,0.00,Y
"Bouwman, Koen",Team Jayco AlUla,1.8,BOUWMAN Koen,0,0.00,Y
"Eekhoff, Nils",Team Picnic PostNL,1.8,EEKHOFF Nils,0,0.00,Y
"Beullens, Cedric",Lotto,1.9,BEULLENS Cedric,0,0.00,Y
"Dekker, David",Euskaltel - Euskadi,1.9,DEKKER David,0,0.00,Y
"Garofoli, Gianmarco",Soudal - Quick-Step,1.9,GAROFOLI Gianmarco,0,0.00,Y
"Vanhoucke, Harm",Q36.5 Pro Cycling Team,1.9,VANHOUCKE Harm,0,0.00,Y
"Liepiņš, Emīls",Q36.5 Pro Cycling Team,1.9,LIEPIŅŠ Emīls,0,0.00,Y
"Buyst, Jasper De",Lotto,1.9,DE BUYST Jasper,0,0.00,Y
"Knox, James",Soudal - Quick-Step,1.9,KNOX James,0,0.00,Y
"Donovan, Mark",Q36.5 Pro Cycling Team,1.9,DONOVAN Mark,0,0.00,Y
"Gazzoli, Michele",XDS Astana Team,1.9,GAZZOLI Michele,0,0.00,Y
"Haller, Marco",Tudor Pro Cycling Team,1.9,HALLER Marco,0,0.00,Y
"Vercher, Mattéo",TotalEnergies,1.9,VERCHER Mattéo,0,0.00,Y
"Zijlaard, Maikel",Tudor Pro Cycling Team,1.9,ZIJLAARD Maikel,0,0.00,Y
"Bystrøm, Sven Erik",Groupama - FDJ,1.9,BYSTRØM Sven Erik,0,0.00,Y
"Herregodts, Rune",UAE Emirates XRG,1.9,HERREGODTS Rune,0,0.00,Y
"Kepplinger, Rainer",Bahrain Victorious,1.9,KEPPLINGER Rainer,0,0.00,Y
"Pluimers, Rick",Tudor Pro Cycling Team,1.9,PLUIMERS Rick,0,0.00,Y
"Rodríguez, Oscar",INEOS Grenadiers,1.9,RODRÍGUEZ Óscar,0,0.00,Y
"Oomen, Sam",Lidl - Trek,1.9,OOMEN Sam,0,0.00,Y
"Barta, Will",Movistar Team,1.9,BARTA Will,0,0.00,Y
"Bruttomesso, Alberto",Bahrain Victorious,2.0,BRUTTOMESSO Alberto,0,0.00,Y
"Welten, Bram",Team Picnic PostNL,2.0,WELTEN Bram,0,0.00,Y
"Canal, Carlos",Movistar Team,2.0,CANAL Carlos,0,0.00,Y
"Cimolai, Davide",Movistar Team,2.0,CIMOLAI Davide,0,0.00,Y
"Biermans, Jenthe",Arkéa - BnB Hotels,2.0,BIERMANS Jenthe,0,0.00,Y
"Tesson, Jason",TotalEnergies,2.0,TESSON Jason,0,0.00,Y
"Paar, Jarne Van de",Lotto,2.0,VAN DE PAAR Jarne,0,0.00,Y
"Dijke, Mick van",Red Bull - BORA - hansgrohe,2.0,VAN DIJKE Mick,0,0.00,Y
"Arndt, Nikias",Bahrain Victorious,2.0,ARNDT Nikias,0,0.00,Y
"Naesen, Oliver",Decathlon AG2R La Mondiale,2.0,NAESEN Oliver,0,0.00,Y
"Seixas, Paul",Decathlon AG2R La Mondiale,2.0,SEIXAS Paul,0,0.00,Y
"Carr, Simon",Cofidis,2.0,CARR Simon,0,0.00,Y
"Kruijswijk, Steven",Team Visma - Lease a Bike,2.0,KRUIJSWIJK Steven,0,0.00,Y
"Kielich, Timo",Alpecin - Deceuninck,2.0,KIELICH Timo,0,0.00,Y
"Mühlberger, Gregor",Movistar Team,2.0,MÜHLBERGER Gregor,0,0.00,Y
"Pasqualon, Andrea",Bahrain Victorious,2.1,PASQUALON Andrea,0,0.00,Y
"Howson, Damien",Australian National Team,2.1,HOWSON Damien,0,0.00,Y
"Chaves, Esteban",EF Education - EasyPost,2.1,CHAVES Esteban,0,0.00,Y
"Engelhardt, Felix",Team Jayco AlUla,2.1,ENGELHARDT Felix,0,0.00,Y
"Fiorelli, Filippo",VF Group - Bardiani CSF - Faizanè,2.1,FIORELLI Filippo,0,0.00,Y
"Houle, Hugo",Israel - Premier Tech,2.1,HOULE Hugo,0,0.00,Y
"Jegat, Jordan",TotalEnergies,2.1,JEGAT Jordan,0,0.00,Y
"Frigo, Marco",Israel - Premier Tech,2.1,FRIGO Marco,0,0.00,Y
"Moschetti, Matteo",Q36.5 Pro Cycling Team,2.1,MOSCHETTI Matteo,0,0.00,Y
"Pedersen, Rasmus Søjberg",Decathlon AG2R La Mondiale,2.1,PEDERSEN Rasmus Søjberg,0,0.00,Y
"Tricht, Stan Van",Alpecin - Deceuninck,2.1,VAN TRICHT Stan,0,0.00,Y
"Hoorn, Taco van der",Intermarché - Wanty,2.1,VAN DER HOORN Taco,0,0.00,Y
"Touzé, Damien",Cofidis,2.1,TOUZÉ Damien,0,0.00,Y
"Kirsch, Alex",Lidl - Trek,2.2,KIRSCH Alex,0,0.00,Y
"Zwiehoff, Ben",Red Bull - BORA - hansgrohe,2.2,ZWIEHOFF Ben,0,0.00,Y
"Herrada, Jesús",Cofidis,2.2,HERRADA Jesús,0,0.00,Y
"Goossens, Kobe",Intermarché - Wanty,2.2,GOOSSENS Kobe,0,0.00,Y
"Mezgec, Luka",Team Jayco AlUla,2.2,MEZGEC Luka,0,0.00,Y
"Milesi, Lorenzo",Movistar Team,2.2,MILESI Lorenzo,0,0.00,Y
"Taminiaux, Lionel",Lotto,2.2,TAMINIAUX Lionel,0,0.00,Y
"Dinham, Matthew",Team Picnic PostNL,2.2,DINHAM Matthew,0,0.00,Y
"Latour, Pierre",TotalEnergies,2.2,LATOUR Pierre,0,0.00,Y
"Champoussin, Clément",XDS Astana Team,2.3,CHAMPOUSSIN Clément,0,0.00,Y
"Staune-Mittet, Johannes",Decathlon AG2R La Mondiale,2.3,STAUNE-MITTET Johannes,0,0.00,Y
"Bouchard, Geoffrey",Decathlon AG2R La Mondiale,2.3,BOUCHARD Geoffrey,0,0.00,Y
"Serrano, Gonzalo",Movistar Team,2.3,SERRANO Gonzalo,0,0.00,Y
"Parra, José Félix",Equipo Kern Pharma,2.3,PARRA José Félix,0,0.00,Y
"Louvel, Matîs",Israel - Premier Tech,2.3,LOUVEL Matis,0,0.00,Y
"Gautherat, Pierre",Decathlon AG2R La Mondiale,2.3,GAUTHERAT Pierre,0,0.00,Y
"Fredheim, Stian",Uno-X Mobility,2.3,FREDHEIM Stian,0,0.00,Y
"Voisard, Yannis",Tudor Pro Cycling Team,2.3,VOISARD Yannis,0,0.00,Y
"García, Raúl",Arkéa - BnB Hotels,2.4,GARCÍA PIERNA Raúl,0,0.00,Y
"Romeo, Iván",Movistar Team,2.4,ROMEO Iván,0,0.00,Y
"Sosa, Ivan",Equipo Kern Pharma,2.4,SOSA Iván Ramiro,0,0.00,Y
"Denz, Nico",Red Bull - BORA - hansgrohe,2.4,DENZ Nico,0,0.00,Y
"Pickrell, Riley",Israel - Premier Tech,2.4,PICKRELL Riley,0,0.00,Y
"Clarke, Simon",Israel - Premier Tech,2.4,CLARKE Simon,0,0.00,Y
"Dewulf, Stan",Decathlon AG2R La Mondiale,2.4,DEWULF Stan,0,0.00,Y
"Moniquet, Sylvain",Cofidis,2.4,MONIQUET Sylvain,0,0.00,Y
"Kamp, Alexander",Intermarché - Wanty,2.5,KAMP Alexander,0,0.00,N
"Costiou, Ewen",Arkéa - BnB Hotels,2.5,COSTIOU Ewen,0,0.00,N
"Aleotti, Giovanni",Red Bull - BORA - hansgrohe,2.5,ALEOTTI Giovanni,0,0.00,N
"Fuglsang, Jakob",Israel - Premier Tech,2.5,FUGLSANG Jakob,0,0.00,N
"Rex, Laurenz",Intermarché - Wanty,2.5,REX Laurenz,0,0.00,N
"Oliveira, Nelson",Movistar Team,2.5,OLIVEIRA Nelson,0,0.00,N
"Schultz, Nick",Israel - Premier Tech,2.5,SCHULTZ Nick,0,0.00,N
"Berthet, Clément",Decathlon AG2R La Mondiale,2.6,BERTHET Clément,0,0.00,N
"Bol, Cees",XDS Astana Team,2.6,BOL Cees,0,0.00,N
"Verona, Carlos",Lidl - Trek,2.6,VERONA Carlos,0,0.00,N
"Stewart, Jake",Israel - Premier Tech,2.6,STEWART Jake,0,0.00,N
"Oldani, Stefano",Cofidis,2.6,OLDANI Stefano,0,0.00,N
"Gruel, Thibaud",Groupama - FDJ,2.6,GRUEL Thibaud,0,0.00,N
"Masnada, Fausto",XDS Astana Team,2.7,MASNADA Fausto,0,0.00,N
"Hofstetter, Hugo",Israel - Premier Tech,2.7,HOFSTETTER Hugo,0,0.00,N
"Aberasturi, Jon",Euskaltel - Euskadi,2.7,ABERASTURI Jon,0,0.00,N
"Honoré, Mikkel",EF Education - EasyPost,2.7,HONORÉ Mikkel Frølich,0,0.00,N
"Majka, Rafał",UAE Emirates XRG,2.7,MAJKA Rafał,0,0.00,N
"Molard, Rudy",Groupama - FDJ,2.7,MOLARD Rudy,0,0.00,N
"Soto, Antonio",Equipo Kern Pharma,2.8,SOTO Antonio Jesús,0,0.00,N
"Armirail, Bruno",Decathlon AG2R La Mondiale,2.8,ARMIRAIL Bruno,0,0.00,N
"Theuns, Edward",Lidl - Trek,2.8,THEUNS Edward,0,0.00,N
"Nizzolo, Giacomo",Q36.5 Pro Cycling Team,2.8,NIZZOLO Giacomo,0,0.00,N
"Degenkolb, John",Team Picnic PostNL,2.8,DEGENKOLB John,0,0.00,N
"Donaldson, Robert",Team Jayco AlUla,2.8,DONALDSON Robert,0,0.00,N
"Velasco, Simone",XDS Astana Team,2.8,VELASCO Simone,0,0.00,N
"Livyns, Arjen",Lotto,2.9,LIVYNS Arjen,0,0.00,N
"Rivera, Brandon",INEOS Grenadiers,2.9,RIVERA Brandon Smith,0,0.00,N
"Cepeda, Jefferson Alveiro",Movistar Team,2.9,CEPEDA Jefferson Alveiro,0,0.00,N
"Donnenwirth, Tom",Groupama - FDJ,2.9,DONNENWIRTH Tom,0,0.00,N
"Vangheluwe, Warre",Soudal - Quick-Step,2.9,VANGHELUWE Warre,0,0.00,N
"Caruso, Damiano",Bahrain Victorious,3.0,CARUSO Damiano,0,0.00,N
"Vermeersch, Gianni",Alpecin - Deceuninck,3.0,VERMEERSCH Gianni,0,0.00,N
"Krijnsen, Jelte",Team Jayco AlUla,3.0,KRIJNSEN Jelte,0,0.00,N
"Boven, Lars",Alpecin - Deceuninck,3.0,BOVEN Lars,0,0.00,N
"Valgren, Michael",EF Education - EasyPost,3.0,VALGREN Michael,0,0.00,N
"Battistella, Samuele",EF Education - EasyPost,3.0,BATTISTELLA Samuele,0,0.00,N
"Busatto, Francesco",Intermarché - Wanty,3.1,BUSATTO Francesco,0,0.00,N
"Bennett, George",Israel - Premier Tech,3.1,BENNETT George,0,0.00,N
"Nordhagen, Jørgen",Team Visma - Lease a Bike,3.1,NORDHAGEN Jørgen,0,0.00,N
"Walscheid, Max",Team Jayco AlUla,3.1,WALSCHEID Max,0,0.00,N
"Tesfatsion, Natnael",Movistar Team,3.1,TESFATSION Natnael,0,0.00,N
"Formolo, Davide",Movistar Team,3.2,FORMOLO Davide,0,0.00,N
"Schelling, Ide",XDS Astana Team,3.2,SCHELLING Ide,0,0.00,N
"Neilands, Krists",Israel - Premier Tech,3.2,NEILANDS Krists,0,0.00,N
"Rota, Lorenzo",Intermarché - Wanty,3.2,ROTA Lorenzo,0,0.00,N
"Tulett, Ben",Team Visma - Lease a Bike,3.3,TULETT Ben,0,0.00,N
"Affini, Edoardo",Team Visma - Lease a Bike,3.3,AFFINI Edoardo,0,0.00,N
"Træen, Torstein",Bahrain Victorious,3.3,TRÆEN Torstein,0,0.00,N
"Sénéchal, Florian",Arkéa - BnB Hotels,3.3,SÉNÉCHAL Florian,0,0.00,N
"Lopez, Juan Pedro",Lidl - Trek,3.3,LÓPEZ Juan Pedro,0,0.00,N
"Covi, Alessandro",UAE Emirates XRG,3.4,COVI Alessandro,0,0.00,N
"Ballerini, Davide",XDS Astana Team,3.4,BALLERINI Davide,0,0.00,N
"Stannard, Robert",Bahrain Victorious,3.4,STANNARD Robert,0,0.00,N
"Consonni, Simone",Lidl - Trek,3.4,CONSONNI Simone,0,0.00,N
"Turgis, Anthony",TotalEnergies,3.5,TURGIS Anthony,0,0.00,N
"De Pretto, Davide",Team Jayco AlUla,3.5,DE PRETTO Davide,0,0.00,N
"Gestel, Dries Van",Soudal - Quick-Step,3.5,VAN GESTEL Dries,0,0.00,N
"Carthy, Hugh",EF Education - EasyPost,3.5,CARTHY Hugh,0,0.00,N
"Fretin, Milan",Cofidis,3.5,FRETIN Milan,0,0.00,N
"Menten, Milan",Lotto,3.5,MENTEN Milan,0,0.00,N
"Christen, Fabio",Q36.5 Pro Cycling Team,3.6,CHRISTEN Fabio,0,0.00,N
"Broek, Frank van den",Team Picnic PostNL,3.6,VAN DEN BROEK Frank,0,0.00,N
"Meintjes, Louis",Intermarché - Wanty,3.6,MEINTJES Louis,0,0.00,N
"Pacher, Quentin",Groupama - FDJ,3.6,PACHER Quentin,0,0.00,N
"Cavagna, Rémi",Groupama - FDJ,3.6,CAVAGNA Rémi,0,0.00,N
"Turner, Ben",INEOS Grenadiers,3.7,TURNER Ben,0,0.00,N
"Harper, Chris",Team Jayco AlUla,3.7,HARPER Chris,0,0.00,N
"Burgaudeau, Mathieu",TotalEnergies,3.7,BURGAUDEAU Mathieu,0,0.00,N
"Cattaneo, Mattia",Soudal - Quick-Step,3.7,CATTANEO Mattia,0,0.00,N
"Vader, Milan",Q36.5 Pro Cycling Team,3.7,VADER Milan,0,0.00,N
"Hatherly, Alan",Team Jayco AlUla,3.8,HATHERLY Alan,0,0.00,N
"Leknessund, Andreas",Uno-X Mobility,3.8,LEKNESSUND Andreas,0,0.00,N
"Scaroni, Christian",XDS Astana Team,3.8,SCARONI Christian,0,0.00,N
"Baarle, Dylan van",Team Visma - Lease a Bike,3.8,VAN BAARLE Dylan,0,0.00,N
"Buchmann, Emanuel",Cofidis,3.8,BUCHMANN Emanuel,0,0.00,N
"Baroncini, Filippo",UAE Emirates XRG,3.8,BARONCINI Filippo,0,0.00,N
"Vermeersch, Florian",UAE Emirates XRG,3.9,VERMEERSCH Florian,0,0.00,N
"Haig, Jack",Bahrain Victorious,3.9,HAIG Jack,0,0.00,N
"Sobrero, Matteo",Red Bull - BORA - hansgrohe,3.9,SOBRERO Matteo,0,0.00,N
"Quintana, Nairo",Movistar Team,3.9,QUINTANA Nairo,0,0.00,N
"Zimmermann, Georg",Intermarché - Wanty,4.0,ZIMMERMANN Georg,0,0.00,N
"Mozzato, Luca",Arkéa - BnB Hotels,4.0,MOZZATO Luca,0,0.00,N
"Simmons, Quinn",Lidl - Trek,4.0,SIMMONS Quinn,0,0.00,N
"Cras, Steff",TotalEnergies,4.0,CRAS Steff,0,0.00,N
"Morgado, António",UAE Emirates XRG,4.1,MORGADO António,0,0.00,N
"Lonardi, Giovanni",Team Polti VisitMalta,4.1,LONARDI Giovanni,0,0.00,N
"Berckmoes, Jenno",Lotto,4.1,BERCKMOES Jenno,0,0.00,N
"Aular, Orluis",Movistar Team,4.1,AULAR Orluis,0,0.00,N
"Costa, Rui",EF Education - EasyPost,4.1,COSTA Rui,0,0.00,N
"Braet, Vito",Intermarché - Wanty,4.1,BRAET Vito,0,0.00,N
"Tejada, Harold",XDS Astana Team,4.2,TEJADA Harold,0,0.00,N
"Tratnik, Jan",Red Bull - BORA - hansgrohe,4.2,TRATNIK Jan,0,0.00,N
"Teunissen, Mike",XDS Astana Team,4.2,TEUNISSEN Mike,0,0.00,N
"Tiller, Rasmus",Uno-X Mobility,4.2,TILLER Rasmus,0,0.00,N
"Lecerf, William Junior",Soudal - Quick-Step,4.3,LECERF Junior,0,0.00,N
"Kwiatkowski, Michal",INEOS Grenadiers,4.3,KWIATKOWSKI Michał,0,0.00,N
"Grossschartner, Felix",UAE Emirates XRG,4.3,GROßSCHARTNER Felix,0,0.00,N
"Laurance, Axel",INEOS Grenadiers,4.4,LAURANCE Axel,0,0.00,N
"García Cortina, Iván",Movistar Team,4.4,GARCÍA CORTINA Iván,0,0.00,N
"Page, Hugo",Intermarché - Wanty,4.4,PAGE Hugo,0,0.00,N
"Govekar, Matevž",Bahrain Victorious,4.4,GOVEKAR Matevž,0,0.00,N
"Ulissi, Diego",XDS Astana Team,4.5,ULISSI Diego,0,0.00,N
"Andersen, Søren Kragh",Lidl - Trek,4.5,KRAGH ANDERSEN Søren,0,0.00,N
"Dijke, Tim van",Red Bull - BORA - hansgrohe,4.5,VAN DIJKE Tim,0,0.00,N
"Dainese, Alberto",Tudor Pro Cycling Team,4.6,DAINESE Alberto,0,0.00,N
"Sheehan, Riley",Israel - Premier Tech,4.6,SHEEHAN Riley,0,0.00,N
"Berrade, Urko",Equipo Kern Pharma,4.6,BERRADE Urko,0,0.00,N
"Kanter, Max",XDS Astana Team,4.7,KANTER Max,0,0.00,N
"Bissegger, Stefan",Decathlon AG2R La Mondiale,4.7,BISSEGGER Stefan,0,0.00,N
"Lampaert, Yves",Soudal - Quick-Step,4.7,LAMPAERT Yves,0,0.00,N
"Uden, Casper van",Team Picnic PostNL,4.8,VAN UDEN Casper,0,0.00,N
"Penhoët, Paul",Groupama - FDJ,4.8,PENHOËT Paul,0,0.00,N
"Guerreiro, Ruben",Movistar Team,4.8,GUERREIRO Ruben,0,0.00,N
"Campenaerts, Victor",Team Visma - Lease a Bike,4.8,CAMPENAERTS Victor,0,0.00,N
"Mayrhofer, Marius",Tudor Pro Cycling Team,4.9,MAYRHOFER Marius,0,0.00,N
"Torres, Pablo",UAE Emirates XRG,4.9,TORRES Pablo,0,0.00,N
"Barguil, Warren",Team Picnic PostNL,4.9,BARGUIL Warren,0,0.00,N
"Poels, Wout",XDS Astana Team,4.9,POELS Wout,0,0.00,N
"Vendrame, Andrea",Decathlon AG2R La Mondiale,5.0,VENDRAME Andrea,0,0.00,N
"Steinhauser, Georg",EF Education - EasyPost,5.0,STEINHAUSER Georg,0,0.00,N
"Foss, Tobias",INEOS Grenadiers,5.0,FOSS Tobias,0,0.00,N
"Mollema, Bauke",Lidl - Trek,5.1,MOLLEMA Bauke,0,0.00,N
"Hermans, Quinten",Alpecin - Deceuninck,5.1,HERMANS Quinten,0,0.00,N
"Hirt, Jan",Israel - Premier Tech,5.2,HIRT Jan,0,0.00,N
"Cort, Magnus",Uno-X Mobility,5.2,CORT Magnus,0,0.00,N
"Cosnefroy, Benoît",Decathlon AG2R La Mondiale,5.3,COSNEFROY Benoît,0,0.00,N
"Lafay, Victor",Decathlon AG2R La Mondiale,5.3,LAFAY Victor,0,0.00,N
"Teuns, Dylan",Cofidis,5.4,TEUNS Dylan,0,0.00,N
"Thijssen, Gerben",Intermarché - Wanty,5.4,THIJSSEN Gerben,0,0.00,N
"Aniołkowski, Stanisław",Cofidis,5.4,ANIOŁKOWSKI Stanisław,0,0.00,N
"Lutsenko, Alexey",Israel - Premier Tech,5.5,LUTSENKO Alexey,0,0.00,N
"Segaert, Alec",Lotto,5.5,SEGAERT Alec,0,0.00,N
"Plus, Laurens De",INEOS Grenadiers,5.5,DE PLUS Laurens,0,0.00,N
"Nerurkar, Lukas",EF Education - EasyPost,5.5,NERURKAR Lukas,0,0.00,N
"Kleijn, Arvid de",Tudor Pro Cycling Team,5.6,DE KLEIJN Arvid,0,0.00,N
"Piganzoli, Davide",Team Polti VisitMalta,5.6,PIGANZOLI Davide,0,0.00,N
"Mihkels, Madis",EF Education - EasyPost,5.6,MIHKELS Madis,0,0.00,N
"Zana, Filippo",Team Jayco AlUla,5.7,ZANA Filippo,0,0.00,N
"Paret-Peintre, Aurélien",Decathlon AG2R La Mondiale,5.7,PARET-PEINTRE Aurélien,0,0.00,N
"Valter, Attila",Team Visma - Lease a Bike,5.8,VALTER Attila,0,0.00,N
"Hagenes, Per Strand",Team Visma - Lease a Bike,5.8,HAGENES Per Strand,0,0.00,N
"Rodríguez, Cristian",Arkéa - BnB Hotels,5.8,RODRÍGUEZ Cristián,0,0.00,N
"Bjerg, Mikkel",UAE Emirates XRG,5.9,BJERG Mikkel,0,0.00,N
"Trentin, Matteo",Tudor Pro Cycling Team,5.9,TRENTIN Matteo,0,0.00,N
"Albanese, Vincenzo",EF Education - EasyPost,5.9,ALBANESE Vincenzo,0,0.00,N
"Molano, Sebastián",UAE Emirates XRG,6.0,MOLANO Juan Sebastián,0,0.00,N
"Schachmann, Maximilian",Soudal - Quick-Step,6.0,SCHACHMANN Maximilian,0,0.00,N
"Zingle, Axel",Team Visma - Lease a Bike,6.1,ZINGLE Axel,0,0.00,N
"Abrahamsen, Jonas",Uno-X Mobility,6.2,ABRAHAMSEN Jonas,0,0.00,N
"Asgreen, Kasper",EF Education - EasyPost,6.2,ASGREEN Kasper,0,0.00,N
"Sanchez, Pelayo",Movistar Team,6.2,SÁNCHEZ Pelayo,0,0.00,N
"Ryan, Archie",EF Education - EasyPost,6.3,RYAN Archie,0,0.00,N
"Lapeira, Paul",Decathlon AG2R La Mondiale,6.3,LAPEIRA Paul,0,0.00,N
"Miquel, Pau",Equipo Kern Pharma,6.3,MIQUEL Pau,0,0.00,N
"Vernon, Ethan",Israel - Premier Tech,6.5,VERNON Ethan,0,0.00,N
"Wright, Fred",Bahrain Victorious,6.5,WRIGHT Fred,0,0.00,N
"Wærenskjold, Søren",Uno-X Mobility,6.5,WÆRENSKJOLD Søren,0,0.00,N
"Stuyven, Jasper",Lidl - Trek,6.6,STUYVEN Jasper,0,0.00,N
"Ackermann, Pascal",Israel - Premier Tech,6.6,ACKERMANN Pascal,0,0.00,N
"Bettiol, Alberto",XDS Astana Team,6.7,BETTIOL Alberto,0,0.00,N
"Martin, Guillaume",Groupama - FDJ,6.7,MARTIN Guillaume,0,0.00,N
"Kristoff, Alexander",Uno-X Mobility,6.8,KRISTOFF Alexander,0,0.00,N
"Pellizzari, Giulio",Red Bull - BORA - hansgrohe,6.8,PELLIZZARI Giulio,0,0.00,N
"Adrià, Roger",Red Bull - BORA - hansgrohe,6.8,ADRIÀ Roger,0,0.00,N
"Woods, Michael",Israel - Premier Tech,6.9,WOODS Michael,0,0.00,N
"Paret-Peintre, Valentin",Soudal - Quick-Step,6.9,PARET-PEINTRE Valentin,0,0.00,N
"Schmid, Mauro",Team Jayco AlUla,7.0,SCHMID Mauro,0,0.00,N
"Politt, Nils",UAE Emirates XRG,7.0,POLITT Nils,0,0.00,N
"Gaviria, Fernando",Movistar Team,7.1,GAVIRIA Fernando,0,0.00,N
"Bennett, Sam",Decathlon AG2R La Mondiale,7.1,BENNETT Sam,0,0.00,N
"Lemmen, Bart",Team Visma - Lease a Bike,7.2,LEMMEN Bart,0,0.00,N
"Christen, Jan",UAE Emirates XRG,7.2,CHRISTEN Jan,0,0.00,N
"Fortunato, Lorenzo",XDS Astana Team,7.2,FORTUNATO Lorenzo,0,0.00,N
"Zambanini, Edoardo",Bahrain Victorious,7.3,ZAMBANINI Edoardo,0,0.00,N
"Berg, Marijn van den",EF Education - EasyPost,7.3,VAN DEN BERG Marijn,0,0.00,N
"Poppel, Danny van",Red Bull - BORA - hansgrohe,7.4,VAN POPPEL Danny,0,0.00,N
"Blackmore, Joe",Israel - Premier Tech,7.4,BLACKMORE Joseph,0,0.00,N
"Vermaerke, Kevin",Team Picnic PostNL,7.4,VERMAERKE Kevin,0,0.00,N
"Thomas, Geraint",INEOS Grenadiers,7.5,THOMAS Geraint,0,0.00,N
"Izagirre, Ion",Cofidis,7.5,IZAGIRRE Ion,0,0.00,N
"Bittner, Pavel",Team Picnic PostNL,7.6,BITTNER Pavel,0,0.00,N
"Soler, Marc",UAE Emirates XRG,7.7,SOLER Marc,0,0.00,N
"Lazkano, Oier",Red Bull - BORA - hansgrohe,7.7,LAZKANO Oier,0,0.00,N
"Meeus, Jordi",Red Bull - BORA - hansgrohe,7.8,MEEUS Jordi,0,0.00,N
"Dunbar, Eddie",Team Jayco AlUla,7.9,DUNBAR Eddie,0,0.00,N
"Lamperti, Luke",Soudal - Quick-Step,7.9,LAMPERTI Luke,0,0.00,N
"Ewan, Caleb",Team Jayco AlUla,8.0,EWAN Caleb,0,0.00,N
"Rubio, Einer",Movistar Team,8.0,RUBIO Einer,0,0.00,N
"Tarling, Josh",INEOS Grenadiers,8.1,TARLING Joshua,0,0.00,N
"Démare, Arnaud",Arkéa - BnB Hotels,8.1,DÉMARE Arnaud,0,0.00,N
"Vine, Jay",UAE Emirates XRG,8.2,VINE Jay,0,0.00,N
"Riccitello, Matthew",Israel - Premier Tech,8.2,RICCITELLO Matthew,0,0.00,N
"Kron, Andreas",Uno-X Mobility,8.3,KRON Andreas,0,0.00,N
"Jakobsen, Fabio",Team Picnic PostNL,8.3,JAKOBSEN Fabio,0,0.00,N
"Vansevenant, Mauri",Soudal - Quick-Step,8.4,VANSEVENANT Mauri,0,0.00,N
"Johannessen, Tobias",Uno-X Mobility,8.4,JOHANNESSEN Tobias Halland,0,0.00,N
"Magnier, Paul",Soudal - Quick-Step,8.5,MAGNIER Paul,0,0.00,N
"Baudin, Alex",EF Education - EasyPost,8.6,BAUDIN Alex,0,0.00,N
"Kämna, Lennard",Lidl - Trek,8.6,KÄMNA Lennard,0,0.00,N
"Poole, Max",Team Picnic PostNL,8.7,POOLE Max,0,0.00,N
"Aranburu, Alex",Cofidis,8.8,ARANBURU Alex,0,0.00,N
"Groenewegen, Dylan",Team Jayco AlUla,8.8,GROENEWEGEN Dylan,0,0.00,N
"Sivakov, Pavel",UAE Emirates XRG,8.9,SIVAKOV Pavel,0,0.00,N
"Skujins, Toms",Lidl - Trek,9.0,SKUJIŅŠ Toms,0,0.00,N
"Storer, Michael",Tudor Pro Cycling Team,9.1,STORER Michael,0,0.00,N
"Martinez, Lenny",Bahrain Victorious,9.2,MARTINEZ Lenny,0,0.00,N
"Madouas, Valentin",Groupama - FDJ,9.2,MADOUAS Valentin,0,0.00,N
"Bardet, Romain",Team Picnic PostNL,9.3,BARDET Romain,0,0.00,N
"Hayter, Ethan",Soudal - Quick-Step,9.4,HAYTER Ethan,0,0.00,N
"Benoot, Tiesj",Team Visma - Lease a Bike,9.5,BENOOT Tiesj,0,0.00,N
"Grégoire, Romain",Groupama - FDJ,9.6,GRÉGOIRE Romain,0,0.00,N
"Kelderman, Wilco",Team Visma - Lease a Bike,9.7,KELDERMAN Wilco,0,0.00,N
"Nys, Thibau",Lidl - Trek,9.9,NYS Thibau,0,0.00,N
"Castrillo, Pablo",Movistar Team,10.0,CASTRILLO Pablo,0,0.00,N
"Vauquelin, Kévin",Arkéa - BnB Hotels,10.1,VAUQUELIN Kévin,0,0.00,N
"Vacek, Mathias",Lidl - Trek,10.2,VACEK Mathias,0,0.00,N
"Kuss, Sepp",Team Visma - Lease a Bike,10.4,KUSS Sepp,0,0.00,N
"Uijtdebroeks, Cian",Team Visma - Lease a Bike,10.5,UIJTDEBROEKS Cian,0,0.00,N
"Geoghegan Hart, Tao",Lidl - Trek,10.7,GEOGHEGAN HART Tao,0,0.00,N
"Wilder, Ilan Van",Soudal - Quick-Step,10.8,VAN WILDER Ilan,0,0.00,N
"Williams, Stevie",Israel - Premier Tech,10.9,WILLIAMS Stephen,0,0.00,N
"Wellens, Tim",UAE Emirates XRG,11.1,WELLENS Tim,0,0.00,N
"Powless, Neilson",EF Education - EasyPost,11.4,POWLESS Neilson,0,0.00,N
"Hindley, Jai",Red Bull - BORA - hansgrohe,11.5,HINDLEY Jai,0,0.00,N
"Gall, Felix",Decathlon AG2R La Mondiale,11.7,GALL Felix,0,0.00,N
"Matthews, Michael",Team Jayco AlUla,12.2,MATTHEWS Michael,0,0.00,N
"Gee, Derek",Israel - Premier Tech,12.3,GEE Derek,0,0.00,N
"Healy, Ben",EF Education - EasyPost,12.4,HEALY Ben,0,0.00,N
"Pithie, Laurence",Red Bull - BORA - hansgrohe,12.9,PITHIE Laurence,0,0.00,N
"Mohorič, Matej",Bahrain Victorious,13.0,MOHORIČ Matej,0,0.00,N
"Gaudu, David",Groupama - FDJ,13.4,GAUDU David,0,0.00,N
"Buitrago, Santiago",Bahrain Victorious,13.5,BUITRAGO Santiago,0,0.00,N
"Alaphilippe, Julian",Tudor Pro Cycling Team,13.7,ALAPHILIPPE Julian,0,0.00,N
"Ciccone, Giulio",Lidl - Trek,13.8,CICCONE Giulio,0,0.00,N
"Arensman, Thymen",INEOS Grenadiers,13.9,ARENSMAN Thymen,0,0.00,N
"Küng, Stefan",Groupama - FDJ,14.1,KÜNG Stefan,0,0.00,N
"Martínez, Daniel",Red Bull - BORA - hansgrohe,14.2,MARTÍNEZ Daniel Felipe,0,0.00,N
"Bernal, Egan",INEOS Grenadiers,14.5,BERNAL Egan,0,0.00,N
"Groves, Kaden",Alpecin - Deceuninck,14.6,GROVES Kaden,0,0.00,N
"Onley, Oscar",Team Picnic PostNL,14.7,ONLEY Oscar,0,0.00,N
"Hirschi, Marc",Tudor Pro Cycling Team,14.8,HIRSCHI Marc,0,0.00,N
"Yates, Simon",Team Visma - Lease a Bike,14.9,YATES Simon,0,0.00,N
"Laporte, Christophe",Team Visma - Lease a Bike,15.3,LAPORTE Christophe,0,0.00,N
"Girmay, Biniam",Intermarché - Wanty,16.0,GIRMAY Biniam,0,0.00,N
"Ganna, Filippo",INEOS Grenadiers,16.1,GANNA Filippo,0,0.00,N
"Carapaz, Richard",EF Education - EasyPost,16.5,CARAPAZ Richard,0,0.00,N
"McNulty, Brandon",UAE Emirates XRG,16.7,MCNULTY Brandon,0,0.00,N
"Lipowitz, Florian",Red Bull - BORA - hansgrohe,17.0,LIPOWITZ Florian,0,0.00,N
"Landa, Mikel",Soudal - Quick-Step,17.2,LANDA Mikel,0,0.00,N
"Bilbao, Pello",Bahrain Victorious,17.4,BILBAO Pello,0,0.00,N
"Lie, Arnaud De",Lotto,17.9,DE LIE Arnaud,0,0.00,N
"Pidcock, Tom",Q36.5 Pro Cycling Team,18.0,PIDCOCK Thomas,0,0.00,N
"Del Toro, Isaac",UAE Emirates XRG,18.1,DEL TORO Isaac,0,0.00,N
"Merlier, Tim",Soudal - Quick-Step,19.5,MERLIER Tim,0,0.00,N
"Gils, Maxim Van",Red Bull - BORA - hansgrohe,19.9,VAN GILS Maxim,0,0.00,N
"Kooij, Olav",Team Visma - Lease a Bike,20.0,KOOIJ Olav,0,0.00,N
"Vlasov, Aleksandr",Red Bull - BORA - hansgrohe,21.3,VLASOV Aleksandr,0,0.00,N
"O'Connor, Ben",Team Jayco AlUla,21.8,O'CONNOR Ben,0,0.00,N
"Mas, Enric",Movistar Team,22.2,MAS Enric,0,0.00,N
"Tiberi, Antonio",Bahrain Victorious,22.6,TIBERI Antonio,0,0.00,N
"Eetvelt, Lennert Van",Lotto,23.1,VAN EETVELT Lennert,0,0.00,N
"Almeida, João",UAE Emirates XRG,23.8,ALMEIDA João,0,0.00,N
"Rodriguez, Carlos",INEOS Grenadiers,24.0,RODRÍGUEZ Carlos,0,0.00,N
"Yates, Adam",UAE Emirates XRG,24.7,YATES Adam,0,0.00,N
"Skjelmose, Mattias",Lidl - Trek,24.9,SKJELMOSE Mattias,0,0.00,N
"Ayuso, Juan",UAE Emirates XRG,25.2,AYUSO Juan,0,0.00,N
"Milan, Jonathan",Lidl - Trek,25.3,MILAN Jonathan,0,0.00,N
"Jorgenson, Matteo",Team Visma - Lease a Bike,25.6,JORGENSON Matteo,0,0.00,N
"Philipsen, Jasper",Alpecin - Deceuninck,27.5,PHILIPSEN Jasper,0,0.00,N
"Poel, Mathieu van der",Alpecin - Deceuninck,28.0,VAN DER POEL Mathieu,0,0.00,N
"Pedersen, Mads",Lidl - Trek,28.1,PEDERSEN Mads,0,0.00,N
"Aert, Wout van",Team Visma - Lease a Bike,37.4,VAN AERT Wout,0,0.00,N
"Roglič, Primož",Red Bull - BORA - hansgrohe,37.8,ROGLIČ Primož,0,0.00,N
"Evenepoel, Remco",Soudal - Quick-Step,40.5,EVENEPOEL Remco,0,0.00,N
"Vingegaard, Jonas",Team Visma - Lease a Bike,42.2,VINGEGAARD Jonas,0,0.00,N
"Pogačar, Tadej",UAE Emirates XRG,60.0,POGAČAR Tadej,0,0.00,N